"","batch1","batch2"
"1","M71T549_NEG","M71T579_NEG"
"2","M71T269_NEG","M71T286_NEG"
"3","M72T551_NEG","M72T581_NEG"
"4","M73T682_NEG","M73T605_NEG"
"5","M73T208_NEG","M73T218_NEG"
"6","M73T140_NEG","M73T218_NEG"
"7","M74T141_NEG","M74T254_NEG"
"8","M74T396_NEG","M74T416_NEG"
"9","M74T331_NEG","M74T254_NEG"
"10","M75T549_NEG","M75T587_NEG"
"11","M76T565_NEG","M76T583_NEG"
"12","M76T668_NEG","M76T671_NEG"
"13","M77T400_NEG","M77T421_NEG"
"14","M79T110_NEG","M79T98_NEG"
"15","M80T449_NEG","M80T466_NEG"
"16","M81T335_NEG","M81T364_NEG"
"17","M81T106_NEG","M81T95_NEG"
"18","M81T236_NEG","M81T277_NEG"
"19","M81T447_NEG","M81T364_NEG"
"20","M82T596_NEG","M82T615_NEG"
"21","M82T450_NEG","M82T468_NEG"
"22","M82T103_NEG","M82T104_NEG"
"23","M82T160_NEG","M82T169_NEG"
"24","M83T737_1_NEG","M83T737_1_NEG"
"25","M83T94_NEG","M83T99_NEG"
"26","M83T737_2_NEG","M83T737_2_NEG"
"27","M83T353_NEG","M83T374_NEG"
"28","M84T238_NEG","M84T250_NEG"
"29","M84T415_NEG","M84T440_NEG"
"30","M84T569_NEG","M84T590_NEG"
"31","M85T593_NEG","M85T613_NEG"
"32","M85T604_NEG","M85T618_NEG"
"33","M85T125_NEG","M85T134_NEG"
"34","M85T726_NEG","M85T618_NEG"
"35","M85T503_NEG","M85T520_NEG"
"36","M86T183_NEG","M86T191_NEG"
"37","M86T127_NEG","M86T135_NEG"
"38","M86T611_2_NEG","M86T633_NEG"
"39","M87T503_NEG","M87T539_NEG"
"40","M87T759_NEG","M87T709_NEG"
"41","M87T674_NEG","M87T709_NEG"
"42","M88T341_NEG","M88T356_NEG"
"43","M88T122_NEG","M88T125_NEG"
"44","M88T259_NEG","M88T274_NEG"
"45","M89T119_NEG","M89T126_NEG"
"46","M90T118_NEG","M90T125_NEG"
"47","M90T414_NEG","M90T434_NEG"
"48","M91T686_NEG","M91T691_NEG"
"49","M91T559_NEG","M91T581_NEG"
"50","M91T119_NEG","M91T127_NEG"
"51","M92T348_NEG","M92T360_NEG"
"52","M92T131_NEG","M92T142_NEG"
"53","M92T454_NEG","M92T360_NEG"
"54","M93T330_2_NEG","M93T441_NEG"
"55","M93T472_NEG","M93T441_NEG"
"56","M93T247_NEG","M93T266_NEG"
"57","M94T333_NEG","M94T362_NEG"
"58","M94T491_NEG","M94T517_NEG"
"59","M95T510_NEG","M95T518_NEG"
"60","M95T437_NEG","M95T455_NEG"
"61","M95T373_NEG","M95T400_NEG"
"62","M95T294_NEG","M95T400_NEG"
"63","M96T385_NEG","M96T398_NEG"
"64","M96T292_NEG","M96T309_NEG"
"65","M102T360_NEG","M102T244_NEG"
"66","M104T205_NEG","M104T95_NEG"
"67","M109T318_NEG","M109T312_NEG"
"68","M110T238_NEG","M110T256_NEG"
"69","M110T293_NEG","M110T308_NEG"
"70","M110T97_NEG","M110T119_NEG"
"71","M111T183_NEG","M111T192_NEG"
"72","M111T298_NEG","M111T309_NEG"
"73","M112T118_NEG","M112T118_NEG"
"74","M112T436_NEG","M112T455_NEG"
"75","M113T99_NEG","M113T105_NEG"
"76","M113T512_NEG","M113T431_NEG"
"77","M114T409_NEG","M114T426_NEG"
"78","M114T319_NEG","M114T335_NEG"
"79","M115T238_NEG","M115T250_NEG"
"80","M115T462_NEG","M115T460_NEG"
"81","M115T615_NEG","M115T632_NEG"
"82","M116T111_NEG","M116T120_NEG"
"83","M118T269_NEG","M118T340_NEG"
"84","M118T475_NEG","M118T502_NEG"
"85","M118T363_NEG","M118T340_NEG"
"86","M118T142_NEG","M118T159_NEG"
"87","M119T373_NEG","M119T440_NEG"
"88","M119T504_NEG","M119T531_NEG"
"89","M120T357_NEG","M120T422_NEG"
"90","M121T357_1_NEG","M121T376_NEG"
"91","M121T284_NEG","M121T290_NEG"
"92","M121T357_2_NEG","M121T415_NEG"
"93","M122T112_NEG","M122T93_NEG"
"94","M122T320_NEG","M122T313_NEG"
"95","M123T336_NEG","M123T336_NEG"
"96","M123T415_NEG","M123T446_NEG"
"97","M124T796_1_NEG","M124T792_1_NEG"
"98","M124T796_2_NEG","M124T792_2_NEG"
"99","M124T334_NEG","M124T306_NEG"
"100","M125T111_NEG","M125T106_NEG"
"101","M125T491_2_NEG","M125T516_NEG"
"102","M125T435_NEG","M125T516_NEG"
"103","M125T585_NEG","M125T516_NEG"
"104","M125T213_NEG","M125T307_NEG"
"105","M125T291_NEG","M125T307_NEG"
"106","M126T368_NEG","M126T391_NEG"
"107","M126T98_NEG","M126T105_NEG"
"108","M126T229_NEG","M126T307_NEG"
"109","M127T286_NEG","M127T284_NEG"
"110","M127T382_NEG","M127T402_NEG"
"111","M127T507_NEG","M127T527_NEG"
"112","M128T123_NEG","M128T116_NEG"
"113","M128T512_NEG","M128T544_NEG"
"114","M129T521_NEG","M129T541_NEG"
"115","M130T500_NEG","M130T527_NEG"
"116","M130T127_NEG","M130T143_NEG"
"117","M131T375_NEG","M131T395_NEG"
"118","M131T493_NEG","M131T522_NEG"
"119","M131T259_NEG","M131T283_NEG"
"120","M131T615_NEG","M131T522_NEG"
"121","M132T395_NEG","M132T399_NEG"
"122","M132T315_NEG","M132T310_NEG"
"123","M132T188_NEG","M132T198_NEG"
"124","M132T527_NEG","M132T524_NEG"
"125","M132T459_NEG","M132T524_NEG"
"126","M133T538_NEG","M133T542_NEG"
"127","M133T298_NEG","M133T312_NEG"
"128","M134T138_NEG","M134T210_NEG"
"129","M134T288_NEG","M134T327_NEG"
"130","M134T400_NEG","M134T424_NEG"
"131","M135T108_NEG","M135T99_NEG"
"132","M135T204_NEG","M135T225_NEG"
"133","M135T281_NEG","M135T306_NEG"
"134","M136T131_NEG","M136T143_NEG"
"135","M137T365_NEG","M137T385_NEG"
"136","M137T135_NEG","M137T219_NEG"
"137","M137T256_NEG","M137T292_NEG"
"138","M137T453_NEG","M137T454_NEG"
"139","M138T389_NEG","M138T409_NEG"
"140","M139T372_NEG","M139T407_NEG"
"141","M139T218_NEG","M139T304_NEG"
"142","M139T634_NEG","M139T631_NEG"
"143","M139T508_NEG","M139T537_NEG"
"144","M139T554_NEG","M139T537_NEG"
"145","M140T389_NEG","M140T410_NEG"
"146","M140T512_NEG","M140T521_NEG"
"147","M141T241_NEG","M141T265_NEG"
"148","M141T719_NEG","M141T721_NEG"
"149","M141T552_NEG","M141T586_NEG"
"150","M141T614_NEG","M141T586_NEG"
"151","M142T556_NEG","M142T574_NEG"
"152","M142T494_NEG","M142T520_NEG"
"153","M143T347_NEG","M143T366_NEG"
"154","M143T516_NEG","M143T549_NEG"
"155","M144T334_NEG","M144T351_NEG"
"156","M144T362_NEG","M144T382_NEG"
"157","M144T282_NEG","M144T295_NEG"
"158","M144T225_NEG","M144T227_NEG"
"159","M144T108_NEG","M144T116_NEG"
"160","M144T440_NEG","M144T457_NEG"
"161","M145T289_NEG","M145T304_NEG"
"162","M145T232_NEG","M145T304_NEG"
"163","M145T378_NEG","M145T304_NEG"
"164","M145T111_NEG","M145T120_NEG"
"165","M145T606_NEG","M145T637_NEG"
"166","M146T270_NEG","M146T286_NEG"
"167","M146T384_NEG","M146T402_NEG"
"168","M146T108_NEG","M146T99_NEG"
"169","M146T181_NEG","M146T192_NEG"
"170","M147T239_NEG","M147T270_NEG"
"171","M147T101_NEG","M147T123_NEG"
"172","M147T159_NEG","M147T123_NEG"
"173","M147T555_NEG","M147T540_NEG"
"174","M148T291_NEG","M148T304_NEG"
"175","M149T138_NEG","M149T155_NEG"
"176","M149T319_NEG","M149T307_NEG"
"177","M149T534_NEG","M149T558_NEG"
"178","M150T450_NEG","M150T467_NEG"
"179","M150T109_NEG","M150T97_NEG"
"180","M150T222_NEG","M150T309_NEG"
"181","M151T409_NEG","M151T334_NEG"
"182","M151T687_NEG","M151T705_NEG"
"183","M152T397_NEG","M152T398_NEG"
"184","M152T491_NEG","M152T398_NEG"
"185","M152T569_NEG","M152T522_NEG"
"186","M152T137_NEG","M152T102_NEG"
"187","M152T299_NEG","M152T321_NEG"
"188","M153T100_NEG","M153T97_NEG"
"189","M153T485_NEG","M153T418_NEG"
"190","M153T396_NEG","M153T418_NEG"
"191","M153T579_NEG","M153T598_NEG"
"192","M154T315_NEG","M154T319_NEG"
"193","M154T659_NEG","M154T668_NEG"
"194","M154T578_NEG","M154T588_NEG"
"195","M154T461_NEG","M154T510_NEG"
"196","M155T95_NEG","M155T105_NEG"
"197","M155T291_NEG","M155T309_NEG"
"198","M155T381_NEG","M155T407_NEG"
"199","M156T360_NEG","M156T326_NEG"
"200","M156T668_NEG","M156T676_NEG"
"201","M156T221_NEG","M156T254_NEG"
"202","M157T641_NEG","M157T652_NEG"
"203","M158T485_NEG","M158T512_NEG"
"204","M158T122_NEG","M158T120_NEG"
"205","M159T330_NEG","M159T342_NEG"
"206","M159T531_NEG","M159T559_NEG"
"207","M159T386_NEG","M159T404_NEG"
"208","M159T442_NEG","M159T466_NEG"
"209","M159T240_NEG","M159T342_NEG"
"210","M159T643_NEG","M159T676_NEG"
"211","M160T174_NEG","M160T255_NEG"
"212","M160T395_NEG","M160T422_NEG"
"213","M161T1015_NEG","M161T1006_NEG"
"214","M161T1133_NEG","M161T1140_NEG"
"215","M161T443_NEG","M161T552_NEG"
"216","M162T311_NEG","M162T293_NEG"
"217","M163T465_NEG","M163T505_NEG"
"218","M163T390_NEG","M163T505_NEG"
"219","M163T571_NEG","M163T505_NEG"
"220","M164T479_NEG","M164T517_NEG"
"221","M164T124_NEG","M164T97_NEG"
"222","M164T291_NEG","M164T304_NEG"
"223","M165T282_NEG","M165T301_NEG"
"224","M165T485_NEG","M165T512_NEG"
"225","M166T282_NEG","M166T300_NEG"
"226","M166T607_NEG","M166T624_NEG"
"227","M167T641_NEG","M167T655_NEG"
"228","M167T446_NEG","M167T493_NEG"
"229","M167T109_2_NEG","M167T227_NEG"
"230","M168T207_NEG","M168T199_NEG"
"231","M169T115_NEG","M169T118_NEG"
"232","M169T326_NEG","M169T328_NEG"
"233","M169T667_NEG","M169T678_NEG"
"234","M169T491_NEG","M169T534_NEG"
"235","M169T421_NEG","M169T445_NEG"
"236","M169T584_NEG","M169T534_NEG"
"237","M169T724_NEG","M169T678_NEG"
"238","M170T461_NEG","M170T451_NEG"
"239","M170T295_NEG","M170T307_NEG"
"240","M170T136_NEG","M170T145_NEG"
"241","M171T995_NEG","M171T1001_NEG"
"242","M171T109_NEG","M171T153_NEG"
"243","M171T386_NEG","M171T422_NEG"
"244","M172T198_NEG","M172T207_NEG"
"245","M172T488_NEG","M172T513_NEG"
"246","M172T109_NEG","M172T207_NEG"
"247","M172T372_NEG","M172T393_NEG"
"248","M173T142_NEG","M173T106_NEG"
"249","M174T516_NEG","M174T541_NEG"
"250","M174T436_NEG","M174T458_NEG"
"251","M175T322_NEG","M175T321_NEG"
"252","M175T132_NEG","M175T117_NEG"
"253","M175T427_NEG","M175T443_NEG"
"254","M175T535_NEG","M175T620_NEG"
"255","M177T310_NEG","M177T330_NEG"
"256","M177T119_NEG","M177T102_NEG"
"257","M177T237_NEG","M177T251_NEG"
"258","M178T239_NEG","M178T255_NEG"
"259","M178T165_NEG","M178T175_NEG"
"260","M178T400_2_NEG","M178T413_NEG"
"261","M179T392_NEG","M179T410_NEG"
"262","M179T241_NEG","M179T330_NEG"
"263","M179T524_NEG","M179T550_NEG"
"264","M180T131_NEG","M180T153_NEG"
"265","M180T703_NEG","M180T707_NEG"
"266","M180T373_NEG","M180T392_NEG"
"267","M180T247_NEG","M180T270_NEG"
"268","M181T1016_NEG","M181T1085_NEG"
"269","M181T1128_NEG","M181T1085_NEG"
"270","M181T357_2_NEG","M181T318_NEG"
"271","M181T437_NEG","M181T408_NEG"
"272","M181T228_NEG","M181T152_NEG"
"273","M181T494_NEG","M181T519_NEG"
"274","M182T107_NEG","M182T97_NEG"
"275","M183T389_NEG","M183T391_NEG"
"276","M184T223_NEG","M184T244_NEG"
"277","M184T354_NEG","M184T391_NEG"
"278","M185T353_NEG","M185T342_NEG"
"279","M186T285_NEG","M186T297_NEG"
"280","M186T200_NEG","M186T211_NEG"
"281","M186T363_NEG","M186T297_NEG"
"282","M187T325_NEG","M187T360_NEG"
"283","M188T201_NEG","M188T124_NEG"
"284","M189T451_NEG","M189T545_NEG"
"285","M189T592_NEG","M189T610_NEG"
"286","M189T204_NEG","M189T101_NEG"
"287","M190T450_NEG","M190T465_NEG"
"288","M190T370_NEG","M190T389_NEG"
"289","M190T270_NEG","M190T389_NEG"
"290","M191T293_NEG","M191T309_NEG"
"291","M191T437_NEG","M191T456_NEG"
"292","M191T539_NEG","M191T547_NEG"
"293","M192T371_NEG","M192T383_NEG"
"294","M192T468_NEG","M192T490_NEG"
"295","M193T167_NEG","M193T171_NEG"
"296","M193T616_NEG","M193T637_NEG"
"297","M193T514_NEG","M193T535_NEG"
"298","M194T348_NEG","M194T263_NEG"
"299","M194T454_NEG","M194T456_NEG"
"300","M194T590_NEG","M194T530_NEG"
"301","M195T189_NEG","M195T199_NEG"
"302","M195T536_NEG","M195T560_NEG"
"303","M195T647_NEG","M195T672_NEG"
"304","M195T771_NEG","M195T729_NEG"
"305","M195T106_NEG","M195T100_NEG"
"306","M195T564_NEG","M195T587_NEG"
"307","M196T109_NEG","M196T100_NEG"
"308","M196T314_NEG","M196T308_NEG"
"309","M196T516_NEG","M196T541_NEG"
"310","M197T579_NEG","M197T599_NEG"
"311","M197T108_NEG","M197T116_NEG"
"312","M197T321_NEG","M197T330_NEG"
"313","M197T194_NEG","M197T211_NEG"
"314","M197T717_NEG","M197T649_NEG"
"315","M198T566_NEG","M198T618_NEG"
"316","M198T276_NEG","M198T294_NEG"
"317","M198T205_NEG","M198T197_NEG"
"318","M198T370_NEG","M198T392_NEG"
"319","M199T115_NEG","M199T140_NEG"
"320","M199T609_NEG","M199T636_NEG"
"321","M199T485_NEG","M199T531_NEG"
"322","M199T298_NEG","M199T307_NEG"
"323","M199T379_NEG","M199T307_NEG"
"324","M199T675_NEG","M199T681_NEG"
"325","M199T603_NEG","M199T620_NEG"
"326","M199T534_NEG","M199T620_NEG"
"327","M199T494_NEG","M199T521_NEG"
"328","M200T507_NEG","M200T535_NEG"
"329","M200T610_NEG","M200T634_NEG"
"330","M200T162_NEG","M200T185_NEG"
"331","M200T241_NEG","M200T292_NEG"
"332","M200T423_NEG","M200T387_NEG"
"333","M202T512_NEG","M202T537_NEG"
"334","M202T667_NEG","M202T676_NEG"
"335","M203T528_NEG","M203T552_NEG"
"336","M203T640_NEG","M203T651_NEG"
"337","M204T614_NEG","M204T646_NEG"
"338","M205T489_NEG","M205T513_NEG"
"339","M205T585_NEG","M205T603_NEG"
"340","M206T317_NEG","M206T436_NEG"
"341","M206T494_NEG","M206T525_NEG"
"342","M206T419_NEG","M206T436_NEG"
"343","M206T590_NEG","M206T602_NEG"
"344","M207T397_NEG","M207T426_NEG"
"345","M208T529_NEG","M208T474_NEG"
"346","M208T447_NEG","M208T474_NEG"
"347","M209T457_NEG","M209T541_NEG"
"348","M209T380_NEG","M209T301_NEG"
"349","M209T531_NEG","M209T541_NEG"
"350","M209T749_NEG","M209T743_NEG"
"351","M210T554_NEG","M210T583_NEG"
"352","M210T319_NEG","M210T335_NEG"
"353","M210T452_NEG","M210T458_NEG"
"354","M211T631_NEG","M211T644_NEG"
"355","M211T526_NEG","M211T539_NEG"
"356","M211T325_NEG","M211T349_NEG"
"357","M211T519_NEG","M211T544_NEG"
"358","M213T488_NEG","M213T515_NEG"
"359","M213T686_NEG","M213T708_NEG"
"360","M214T505_NEG","M214T547_NEG"
"361","M214T688_NEG","M214T688_NEG"
"362","M215T310_NEG","M215T327_NEG"
"363","M215T532_NEG","M215T556_NEG"
"364","M215T681_NEG","M215T710_NEG"
"365","M215T209_NEG","M215T229_NEG"
"366","M216T339_NEG","M216T358_NEG"
"367","M216T561_NEG","M216T598_NEG"
"368","M216T688_NEG","M216T686_NEG"
"369","M218T273_NEG","M218T289_NEG"
"370","M218T514_NEG","M218T585_NEG"
"371","M218T278_NEG","M218T299_NEG"
"372","M218T443_NEG","M218T458_NEG"
"373","M218T380_NEG","M218T299_NEG"
"374","M219T262_NEG","M219T375_NEG"
"375","M220T545_NEG","M220T651_NEG"
"376","M220T300_NEG","M220T308_NEG"
"377","M220T637_NEG","M220T651_NEG"
"378","M220T221_NEG","M220T308_NEG"
"379","M220T388_NEG","M220T413_NEG"
"380","M221T119_NEG","M221T53_NEG"
"381","M222T148_NEG","M222T119_NEG"
"382","M222T289_NEG","M222T313_NEG"
"383","M222T484_NEG","M222T375_NEG"
"384","M223T132_NEG","M223T153_NEG"
"385","M223T857_NEG","M223T812_NEG"
"386","M224T159_NEG","M224T169_NEG"
"387","M224T348_NEG","M224T290_NEG"
"388","M224T275_NEG","M224T290_NEG"
"389","M225T151_NEG","M225T169_NEG"
"390","M225T665_NEG","M225T681_NEG"
"391","M226T492_NEG","M226T518_NEG"
"392","M226T590_NEG","M226T518_NEG"
"393","M226T342_NEG","M226T325_NEG"
"394","M227T731_NEG","M227T698_NEG"
"395","M227T636_NEG","M227T698_NEG"
"396","M227T387_NEG","M227T407_NEG"
"397","M228T154_NEG","M228T260_NEG"
"398","M228T371_NEG","M228T399_NEG"
"399","M228T769_NEG","M228T762_NEG"
"400","M229T308_NEG","M229T320_NEG"
"401","M229T737_NEG","M229T748_NEG"
"402","M229T617_NEG","M229T619_NEG"
"403","M230T507_NEG","M230T548_NEG"
"404","M230T172_NEG","M230T184_NEG"
"405","M230T244_NEG","M230T184_NEG"
"406","M230T601_NEG","M230T548_NEG"
"407","M230T696_NEG","M230T692_NEG"
"408","M230T504_NEG","M230T525_NEG"
"409","M231T327_NEG","M231T350_NEG"
"410","M231T412_NEG","M231T440_NEG"
"411","M231T495_NEG","M231T440_NEG"
"412","M231T146_NEG","M231T94_NEG"
"413","M231T524_NEG","M231T551_NEG"
"414","M231T349_NEG","M231T402_NEG"
"415","M231T420_NEG","M231T402_NEG"
"416","M232T411_NEG","M232T508_NEG"
"417","M233T317_NEG","M233T350_NEG"
"418","M233T413_NEG","M233T460_NEG"
"419","M233T183_NEG","M233T191_NEG"
"420","M233T996_NEG","M233T1037_NEG"
"421","M233T309_NEG","M233T316_NEG"
"422","M233T405_NEG","M233T316_NEG"
"423","M234T313_NEG","M234T333_NEG"
"424","M234T634_NEG","M234T645_NEG"
"425","M234T384_NEG","M234T407_NEG"
"426","M234T517_NEG","M234T407_NEG"
"427","M235T272_NEG","M235T301_NEG"
"428","M235T648_NEG","M235T666_NEG"
"429","M235T559_NEG","M235T666_NEG"
"430","M235T114_NEG","M235T113_NEG"
"431","M235T747_NEG","M235T666_NEG"
"432","M235T298_NEG","M235T194_NEG"
"433","M235T504_NEG","M235T414_NEG"
"434","M236T394_NEG","M236T418_NEG"
"435","M236T567_NEG","M236T532_NEG"
"436","M236T305_NEG","M236T309_NEG"
"437","M236T488_NEG","M236T532_NEG"
"438","M237T345_NEG","M237T457_NEG"
"439","M238T700_NEG","M238T708_NEG"
"440","M238T987_NEG","M238T1001_NEG"
"441","M238T240_NEG","M238T172_NEG"
"442","M239T1040_NEG","M239T1021_NEG"
"443","M239T742_NEG","M239T718_NEG"
"444","M239T957_NEG","M239T1000_NEG"
"445","M240T956_NEG","M240T999_1_NEG"
"446","M240T322_NEG","M240T428_NEG"
"447","M240T401_NEG","M240T428_NEG"
"448","M240T391_NEG","M240T413_NEG"
"449","M240T463_NEG","M240T413_NEG"
"450","M240T293_NEG","M240T413_NEG"
"451","M240T627_NEG","M240T719_NEG"
"452","M240T732_NEG","M240T747_NEG"
"453","M241T326_NEG","M241T405_NEG"
"454","M241T507_NEG","M241T565_NEG"
"455","M241T751_NEG","M241T732_NEG"
"456","M241T199_NEG","M241T187_NEG"
"457","M241T638_NEG","M241T732_NEG"
"458","M242T280_NEG","M242T213_NEG"
"459","M243T342_NEG","M243T316_NEG"
"460","M243T160_NEG","M243T187_NEG"
"461","M243T926_NEG","M243T848_NEG"
"462","M243T493_NEG","M243T382_NEG"
"463","M243T774_NEG","M243T708_NEG"
"464","M243T665_NEG","M243T708_NEG"
"465","M243T855_NEG","M243T848_NEG"
"466","M244T519_NEG","M244T554_NEG"
"467","M244T319_NEG","M244T341_NEG"
"468","M244T113_NEG","M244T110_NEG"
"469","M244T493_NEG","M244T520_NEG"
"470","M244T270_NEG","M244T284_NEG"
"471","M244T632_NEG","M244T700_NEG"
"472","M244T805_NEG","M244T851_NEG"
"473","M244T362_NEG","M244T382_NEG"
"474","M245T239_NEG","M245T172_NEG"
"475","M245T114_NEG","M245T218_NEG"
"476","M245T719_NEG","M245T643_NEG"
"477","M246T991_NEG","M246T1001_NEG"
"478","M246T382_NEG","M246T398_NEG"
"479","M247T317_NEG","M247T340_NEG"
"480","M247T110_NEG","M247T97_NEG"
"481","M247T356_NEG","M247T392_NEG"
"482","M248T514_NEG","M248T558_NEG"
"483","M248T589_NEG","M248T558_NEG"
"484","M248T355_NEG","M248T470_NEG"
"485","M248T450_NEG","M248T558_NEG"
"486","M248T599_NEG","M248T613_NEG"
"487","M248T667_NEG","M248T672_NEG"
"488","M249T275_NEG","M249T303_NEG"
"489","M249T629_NEG","M249T644_NEG"
"490","M249T439_NEG","M249T462_NEG"
"491","M250T394_NEG","M250T415_NEG"
"492","M250T506_NEG","M250T531_NEG"
"493","M250T583_NEG","M250T608_NEG"
"494","M250T659_NEG","M250T685_NEG"
"495","M251T513_NEG","M251T540_NEG"
"496","M251T423_NEG","M251T450_NEG"
"497","M252T648_NEG","M252T658_NEG"
"498","M252T275_1_NEG","M252T225_NEG"
"499","M252T399_NEG","M252T443_NEG"
"500","M252T727_NEG","M252T724_NEG"
"501","M253T332_NEG","M253T426_NEG"
"502","M253T664_NEG","M253T766_NEG"
"503","M253T760_NEG","M253T766_NEG"
"504","M253T751_NEG","M253T660_NEG"
"505","M253T651_NEG","M253T660_NEG"
"506","M254T440_NEG","M254T364_NEG"
"507","M254T530_NEG","M254T532_NEG"
"508","M254T342_NEG","M254T364_NEG"
"509","M254T979_NEG","M254T978_NEG"
"510","M254T651_NEG","M254T661_NEG"
"511","M255T1062_NEG","M255T1035_NEG"
"512","M255T232_NEG","M255T242_NEG"
"513","M255T663_NEG","M255T668_NEG"
"514","M256T219_NEG","M256T100_NEG"
"515","M256T426_NEG","M256T447_NEG"
"516","M256T325_NEG","M256T333_NEG"
"517","M256T966_NEG","M256T905_NEG"
"518","M257T167_NEG","M257T174_NEG"
"519","M257T430_NEG","M257T446_NEG"
"520","M257T289_NEG","M257T300_NEG"
"521","M258T300_NEG","M258T322_NEG"
"522","M258T142_NEG","M258T160_NEG"
"523","M258T359_NEG","M258T322_NEG"
"524","M258T429_NEG","M258T454_NEG"
"525","M258T538_NEG","M258T569_NEG"
"526","M258T564_NEG","M258T582_NEG"
"527","M258T668_NEG","M258T675_NEG"
"528","M258T790_NEG","M258T786_NEG"
"529","M259T603_NEG","M259T710_NEG"
"530","M260T391_NEG","M260T331_NEG"
"531","M260T476_NEG","M260T503_NEG"
"532","M260T317_NEG","M260T331_NEG"
"533","M261T1087_NEG","M261T1136_NEG"
"534","M261T453_NEG","M261T410_NEG"
"535","M261T109_NEG","M261T203_NEG"
"536","M261T535_NEG","M261T560_NEG"
"537","M261T691_NEG","M261T695_NEG"
"538","M262T1057_NEG","M262T1073_NEG"
"539","M262T535_NEG","M262T553_NEG"
"540","M262T213_NEG","M262T211_NEG"
"541","M263T738_NEG","M263T761_NEG"
"542","M263T575_NEG","M263T462_NEG"
"543","M263T273_NEG","M263T210_NEG"
"544","M263T672_NEG","M263T701_NEG"
"545","M264T813_NEG","M264T850_NEG"
"546","M264T726_NEG","M264T742_NEG"
"547","M264T292_NEG","M264T222_NEG"
"548","M264T443_NEG","M264T446_NEG"
"549","M264T156_NEG","M264T165_NEG"
"550","M265T551_NEG","M265T582_NEG"
"551","M265T384_NEG","M265T382_NEG"
"552","M265T568_NEG","M265T586_NEG"
"553","M265T495_NEG","M265T586_NEG"
"554","M265T757_NEG","M265T740_NEG"
"555","M266T270_NEG","M266T283_NEG"
"556","M266T341_NEG","M266T360_NEG"
"557","M266T441_NEG","M266T444_NEG"
"558","M266T597_NEG","M266T616_NEG"
"559","M266T517_NEG","M266T538_NEG"
"560","M267T620_NEG","M267T597_NEG"
"561","M267T206_NEG","M267T298_NEG"
"562","M268T667_NEG","M268T685_NEG"
"563","M268T209_NEG","M268T219_NEG"
"564","M268T576_NEG","M268T670_NEG"
"565","M268T649_NEG","M268T670_NEG"
"566","M268T792_NEG","M268T788_NEG"
"567","M268T725_NEG","M268T840_NEG"
"568","M268T846_NEG","M268T840_NEG"
"569","M269T454_NEG","M269T486_NEG"
"570","M269T374_NEG","M269T486_NEG"
"571","M269T199_NEG","M269T213_NEG"
"572","M269T600_NEG","M269T618_NEG"
"573","M269T979_NEG","M269T886_NEG"
"574","M270T605_NEG","M270T634_NEG"
"575","M270T324_NEG","M270T266_NEG"
"576","M270T621_NEG","M270T554_NEG"
"577","M270T105_NEG","M270T159_NEG"
"578","M270T201_NEG","M270T266_NEG"
"579","M270T618_NEG","M270T618_NEG"
"580","M270T975_NEG","M270T888_NEG"
"581","M271T525_NEG","M271T569_NEG"
"582","M271T332_NEG","M271T325_NEG"
"583","M271T619_NEG","M271T644_NEG"
"584","M271T882_NEG","M271T882_NEG"
"585","M271T718_NEG","M271T644_NEG"
"586","M272T482_NEG","M272T553_NEG"
"587","M272T344_NEG","M272T360_NEG"
"588","M273T107_NEG","M273T94_NEG"
"589","M273T282_NEG","M273T362_NEG"
"590","M274T338_NEG","M274T319_NEG"
"591","M274T180_NEG","M274T189_NEG"
"592","M274T664_NEG","M274T676_NEG"
"593","M275T258_NEG","M275T278_NEG"
"594","M275T131_NEG","M275T98_NEG"
"595","M275T343_NEG","M275T298_NEG"
"596","M275T588_NEG","M275T604_NEG"
"597","M275T842_NEG","M275T938_NEG"
"598","M276T258_NEG","M276T275_NEG"
"599","M276T575_NEG","M276T493_NEG"
"600","M277T282_NEG","M277T281_NEG"
"601","M277T366_NEG","M277T281_NEG"
"602","M277T802_NEG","M277T701_NEG"
"603","M278T238_NEG","M278T258_NEG"
"604","M278T356_NEG","M278T258_NEG"
"605","M278T328_NEG","M278T339_NEG"
"606","M278T133_NEG","M278T145_NEG"
"607","M278T698_NEG","M278T701_NEG"
"608","M278T588_NEG","M278T701_NEG"
"609","M279T436_NEG","M279T456_NEG"
"610","M279T712_NEG","M279T704_NEG"
"611","M280T832_NEG","M280T812_NEG"
"612","M281T521_NEG","M281T555_NEG"
"613","M281T606_NEG","M281T517_NEG"
"614","M281T717_NEG","M281T724_NEG"
"615","M282T292_NEG","M282T301_NEG"
"616","M282T184_NEG","M282T98_NEG"
"617","M282T110_NEG","M282T98_NEG"
"618","M282T604_NEG","M282T620_NEG"
"619","M283T498_NEG","M283T536_NEG"
"620","M283T281_NEG","M283T399_NEG"
"621","M283T606_NEG","M283T709_NEG"
"622","M283T708_NEG","M283T709_NEG"
"623","M283T946_NEG","M283T947_NEG"
"624","M283T856_NEG","M283T808_NEG"
"625","M283T661_NEG","M283T673_NEG"
"626","M284T291_NEG","M284T304_NEG"
"627","M284T853_NEG","M284T925_NEG"
"628","M285T281_NEG","M285T298_NEG"
"629","M285T585_NEG","M285T512_NEG"
"630","M285T473_NEG","M285T512_NEG"
"631","M285T199_NEG","M285T219_NEG"
"632","M285T126_NEG","M285T219_NEG"
"633","M285T628_NEG","M285T643_NEG"
"634","M285T547_NEG","M285T522_NEG"
"635","M286T816_NEG","M286T843_NEG"
"636","M286T136_NEG","M286T148_NEG"
"637","M286T344_NEG","M286T438_NEG"
"638","M286T526_NEG","M286T438_NEG"
"639","M287T597_NEG","M287T641_NEG"
"640","M287T735_NEG","M287T724_NEG"
"641","M287T549_NEG","M287T626_NEG"
"642","M287T637_NEG","M287T626_NEG"
"643","M288T140_NEG","M288T97_NEG"
"644","M288T361_NEG","M288T394_NEG"
"645","M289T272_NEG","M289T287_NEG"
"646","M289T388_NEG","M289T413_NEG"
"647","M289T605_NEG","M289T577_NEG"
"648","M289T170_NEG","M289T182_NEG"
"649","M290T513_NEG","M290T538_NEG"
"650","M290T607_NEG","M290T635_NEG"
"651","M290T388_NEG","M290T412_NEG"
"652","M290T693_NEG","M290T702_NEG"
"653","M290T789_NEG","M290T785_NEG"
"654","M292T520_NEG","M292T550_NEG"
"655","M292T342_NEG","M292T352_NEG"
"656","M293T366_NEG","M293T304_NEG"
"657","M293T288_NEG","M293T304_NEG"
"658","M293T442_NEG","M293T379_NEG"
"659","M294T630_NEG","M294T663_NEG"
"660","M294T634_NEG","M294T565_NEG"
"661","M294T322_NEG","M294T315_NEG"
"662","M294T466_NEG","M294T565_NEG"
"663","M294T673_NEG","M294T681_NEG"
"664","M295T430_NEG","M295T436_NEG"
"665","M295T152_NEG","M295T174_NEG"
"666","M295T673_NEG","M295T678_NEG"
"667","M296T447_NEG","M296T470_NEG"
"668","M296T770_NEG","M296T701_NEG"
"669","M297T394_NEG","M297T421_NEG"
"670","M297T226_NEG","M297T252_NEG"
"671","M297T532_NEG","M297T556_NEG"
"672","M297T709_NEG","M297T690_NEG"
"673","M298T230_NEG","M298T287_NEG"
"674","M298T387_NEG","M298T287_NEG"
"675","M298T715_NEG","M298T713_NEG"
"676","M299T275_NEG","M299T302_NEG"
"677","M299T325_NEG","M299T302_NEG"
"678","M300T628_1_NEG","M300T652_1_NEG"
"679","M300T121_NEG","M300T147_NEG"
"680","M300T356_NEG","M300T453_NEG"
"681","M300T628_2_NEG","M300T652_2_NEG"
"682","M300T754_NEG","M300T749_NEG"
"683","M301T640_NEG","M301T665_NEG"
"684","M301T699_NEG","M301T665_NEG"
"685","M301T247_NEG","M301T265_NEG"
"686","M301T357_NEG","M301T386_NEG"
"687","M301T432_NEG","M301T386_NEG"
"688","M301T251_NEG","M301T261_NEG"
"689","M301T734_NEG","M301T733_NEG"
"690","M301T641_NEG","M301T646_NEG"
"691","M302T281_NEG","M302T298_NEG"
"692","M302T364_NEG","M302T451_NEG"
"693","M303T389_NEG","M303T434_NEG"
"694","M303T515_NEG","M303T535_NEG"
"695","M303T210_NEG","M303T220_NEG"
"696","M303T375_NEG","M303T382_NEG"
"697","M304T291_NEG","M304T308_NEG"
"698","M304T423_NEG","M304T441_NEG"
"699","M304T822_NEG","M304T834_NEG"
"700","M304T570_NEG","M304T682_NEG"
"701","M304T627_NEG","M304T682_NEG"
"702","M304T715_NEG","M304T834_NEG"
"703","M305T599_NEG","M305T685_NEG"
"704","M306T239_NEG","M306T270_NEG"
"705","M306T518_NEG","M306T545_NEG"
"706","M307T542_NEG","M307T574_NEG"
"707","M307T590_NEG","M307T574_NEG"
"708","M307T353_NEG","M307T371_NEG"
"709","M307T249_NEG","M307T251_NEG"
"710","M307T96_NEG","M307T96_NEG"
"711","M308T568_NEG","M308T599_NEG"
"712","M308T356_NEG","M308T392_NEG"
"713","M308T467_NEG","M308T392_NEG"
"714","M308T725_NEG","M308T724_NEG"
"715","M308T671_NEG","M308T706_NEG"
"716","M309T584_NEG","M309T665_NEG"
"717","M309T658_NEG","M309T665_NEG"
"718","M309T350_NEG","M309T380_NEG"
"719","M309T671_NEG","M309T647_NEG"
"720","M310T338_NEG","M310T356_NEG"
"721","M310T644_2_NEG","M310T657_NEG"
"722","M311T718_NEG","M311T718_NEG"
"723","M311T643_NEG","M311T653_NEG"
"724","M311T748_NEG","M311T746_NEG"
"725","M312T519_NEG","M312T552_NEG"
"726","M312T770_NEG","M312T776_NEG"
"727","M312T702_NEG","M312T711_NEG"
"728","M312T335_NEG","M312T346_NEG"
"729","M312T238_NEG","M312T256_NEG"
"730","M312T138_NEG","M312T256_NEG"
"731","M312T474_NEG","M312T497_NEG"
"732","M313T777_NEG","M313T772_NEG"
"733","M313T338_NEG","M313T368_NEG"
"734","M313T616_NEG","M313T641_NEG"
"735","M313T174_NEG","M313T186_NEG"
"736","M313T516_NEG","M313T543_NEG"
"737","M313T425_NEG","M313T454_NEG"
"738","M313T688_NEG","M313T641_NEG"
"739","M313T646_NEG","M313T766_NEG"
"740","M313T346_NEG","M313T320_NEG"
"741","M314T534_NEG","M314T563_NEG"
"742","M314T314_NEG","M314T309_NEG"
"743","M314T143_NEG","M314T150_NEG"
"744","M314T208_NEG","M314T150_NEG"
"745","M314T473_NEG","M314T496_NEG"
"746","M314T686_NEG","M314T609_NEG"
"747","M315T263_NEG","M315T298_NEG"
"748","M315T360_NEG","M315T396_NEG"
"749","M315T322_NEG","M315T337_NEG"
"750","M316T251_NEG","M316T154_NEG"
"751","M316T676_NEG","M316T747_NEG"
"752","M316T541_NEG","M316T423_NEG"
"753","M317T305_NEG","M317T306_NEG"
"754","M318T285_NEG","M318T302_NEG"
"755","M318T342_NEG","M318T370_NEG"
"756","M318T457_NEG","M318T480_NEG"
"757","M318T785_NEG","M318T729_NEG"
"758","M318T98_NEG","M318T95_NEG"
"759","M318T607_NEG","M318T621_NEG"
"760","M318T315_NEG","M318T330_NEG"
"761","M319T665_NEG","M319T675_NEG"
"762","M319T583_NEG","M319T602_NEG"
"763","M319T157_NEG","M319T186_NEG"
"764","M319T543_NEG","M319T498_NEG"
"765","M319T462_NEG","M319T498_NEG"
"766","M319T600_NEG","M319T498_NEG"
"767","M319T765_NEG","M319T765_NEG"
"768","M320T723_NEG","M320T725_NEG"
"769","M320T625_NEG","M320T639_NEG"
"770","M320T393_NEG","M320T329_NEG"
"771","M320T162_NEG","M320T244_NEG"
"772","M320T544_NEG","M320T571_NEG"
"773","M320T451_NEG","M320T486_NEG"
"774","M320T642_NEG","M320T665_NEG"
"775","M321T625_NEG","M321T639_NEG"
"776","M321T377_NEG","M321T430_NEG"
"777","M321T285_NEG","M321T302_NEG"
"778","M321T156_NEG","M321T133_NEG"
"779","M321T534_NEG","M321T551_NEG"
"780","M322T315_NEG","M322T322_NEG"
"781","M322T436_NEG","M322T459_NEG"
"782","M322T178_NEG","M322T190_NEG"
"783","M322T553_NEG","M322T459_NEG"
"784","M322T350_NEG","M322T369_NEG"
"785","M323T500_NEG","M323T538_NEG"
"786","M323T697_NEG","M323T602_NEG"
"787","M323T568_NEG","M323T602_NEG"
"788","M325T515_NEG","M325T538_NEG"
"789","M325T278_NEG","M325T301_NEG"
"790","M325T493_NEG","M325T510_NEG"
"791","M326T515_NEG","M326T419_NEG"
"792","M326T95_NEG","M326T94_NEG"
"793","M327T288_NEG","M327T320_NEG"
"794","M327T159_NEG","M327T97_NEG"
"795","M327T384_NEG","M327T416_NEG"
"796","M327T527_NEG","M327T613_NEG"
"797","M327T679_NEG","M327T683_NEG"
"798","M328T269_NEG","M328T289_NEG"
"799","M328T509_NEG","M328T536_NEG"
"800","M328T670_NEG","M328T682_NEG"
"801","M328T834_NEG","M328T862_NEG"
"802","M328T514_NEG","M328T613_NEG"
"803","M329T252_NEG","M329T300_NEG"
"804","M329T366_NEG","M329T383_NEG"
"805","M329T590_NEG","M329T706_NEG"
"806","M329T442_NEG","M329T443_NEG"
"807","M329T713_NEG","M329T718_NEG"
"808","M330T628_NEG","M330T652_NEG"
"809","M330T348_NEG","M330T399_NEG"
"810","M330T627_NEG","M330T633_NEG"
"811","M330T571_NEG","M330T605_NEG"
"812","M330T710_NEG","M330T712_NEG"
"813","M331T641_NEG","M331T664_NEG"
"814","M331T699_NEG","M331T664_NEG"
"815","M331T357_NEG","M331T284_NEG"
"816","M331T476_NEG","M331T448_NEG"
"817","M332T525_NEG","M332T507_NEG"
"818","M332T155_NEG","M332T179_NEG"
"819","M332T625_NEG","M332T583_NEG"
"820","M332T298_NEG","M332T179_NEG"
"821","M332T529_NEG","M332T550_NEG"
"822","M332T359_NEG","M332T377_NEG"
"823","M332T593_NEG","M332T550_NEG"
"824","M332T432_NEG","M332T449_NEG"
"825","M333T302_NEG","M333T418_NEG"
"826","M333T637_NEG","M333T639_NEG"
"827","M334T299_NEG","M334T305_NEG"
"828","M334T394_NEG","M334T415_NEG"
"829","M334T737_NEG","M334T737_NEG"
"830","M334T119_NEG","M334T171_NEG"
"831","M334T614_NEG","M334T635_NEG"
"832","M334T548_NEG","M334T566_NEG"
"833","M334T432_NEG","M334T447_NEG"
"834","M335T115_NEG","M335T121_NEG"
"835","M335T509_NEG","M335T533_NEG"
"836","M335T690_NEG","M335T702_NEG"
"837","M336T727_NEG","M336T733_NEG"
"838","M336T372_NEG","M336T398_NEG"
"839","M336T123_NEG","M336T125_NEG"
"840","M336T274_NEG","M336T290_NEG"
"841","M336T732_NEG","M336T751_NEG"
"842","M337T542_1_NEG","M337T573_NEG"
"843","M337T380_NEG","M337T394_NEG"
"844","M337T108_NEG","M337T104_NEG"
"845","M337T275_NEG","M337T394_NEG"
"846","M338T342_NEG","M338T363_NEG"
"847","M338T565_NEG","M338T536_NEG"
"848","M338T427_NEG","M338T447_NEG"
"849","M339T436_NEG","M339T358_NEG"
"850","M339T275_NEG","M339T284_NEG"
"851","M339T185_NEG","M339T199_NEG"
"852","M339T111_NEG","M339T107_NEG"
"853","M339T338_NEG","M339T358_NEG"
"854","M340T278_NEG","M340T297_NEG"
"855","M340T360_NEG","M340T297_NEG"
"856","M340T504_NEG","M340T530_NEG"
"857","M340T126_NEG","M340T121_NEG"
"858","M340T748_NEG","M340T753_NEG"
"859","M341T364_NEG","M341T414_NEG"
"860","M341T112_NEG","M341T117_NEG"
"861","M342T269_NEG","M342T366_NEG"
"862","M342T423_NEG","M342T443_NEG"
"863","M342T342_NEG","M342T366_NEG"
"864","M343T376_NEG","M343T398_NEG"
"865","M343T286_NEG","M343T300_NEG"
"866","M343T608_NEG","M343T543_NEG"
"867","M344T131_NEG","M344T234_NEG"
"868","M344T825_NEG","M344T821_NEG"
"869","M344T676_NEG","M344T692_NEG"
"870","M345T620_NEG","M345T645_NEG"
"871","M345T692_NEG","M345T645_NEG"
"872","M345T740_NEG","M345T645_NEG"
"873","M345T426_NEG","M345T323_NEG"
"874","M345T313_NEG","M345T323_NEG"
"875","M345T222_NEG","M345T216_NEG"
"876","M345T135_NEG","M345T216_NEG"
"877","M345T724_NEG","M345T720_NEG"
"878","M345T577_NEG","M345T555_NEG"
"879","M345T650_NEG","M345T647_NEG"
"880","M345T490_NEG","M345T555_NEG"
"881","M346T620_NEG","M346T645_NEG"
"882","M346T716_NEG","M346T718_NEG"
"883","M347T301_NEG","M347T319_NEG"
"884","M347T752_NEG","M347T754_NEG"
"885","M347T396_NEG","M347T412_NEG"
"886","M347T334_NEG","M347T327_NEG"
"887","M348T296_NEG","M348T314_NEG"
"888","M348T97_NEG","M348T95_NEG"
"889","M348T386_NEG","M348T415_NEG"
"890","M348T613_NEG","M348T638_NEG"
"891","M348T501_NEG","M348T527_NEG"
"892","M349T711_1_NEG","M349T712_1_NEG"
"893","M349T393_NEG","M349T414_NEG"
"894","M349T227_NEG","M349T238_NEG"
"895","M349T661_NEG","M349T680_NEG"
"896","M349T127_NEG","M349T238_NEG"
"897","M349T521_NEG","M349T543_NEG"
"898","M349T711_2_NEG","M349T712_2_NEG"
"899","M350T711_NEG","M350T712_NEG"
"900","M350T506_NEG","M350T541_NEG"
"901","M350T635_NEG","M350T688_NEG"
"902","M351T460_NEG","M351T508_NEG"
"903","M351T344_NEG","M351T380_NEG"
"904","M351T280_NEG","M351T298_NEG"
"905","M351T721_NEG","M351T716_NEG"
"906","M352T300_NEG","M352T313_NEG"
"907","M352T428_NEG","M352T447_NEG"
"908","M352T594_NEG","M352T524_NEG"
"909","M353T518_NEG","M353T544_NEG"
"910","M353T429_NEG","M353T447_NEG"
"911","M354T332_NEG","M354T345_NEG"
"912","M354T616_NEG","M354T546_NEG"
"913","M354T527_NEG","M354T451_NEG"
"914","M354T343_NEG","M354T342_NEG"
"915","M355T570_NEG","M355T595_NEG"
"916","M355T420_NEG","M355T444_NEG"
"917","M355T103_NEG","M355T163_NEG"
"918","M355T154_NEG","M355T163_NEG"
"919","M355T703_NEG","M355T714_1_NEG"
"920","M356T619_NEG","M356T558_NEG"
"921","M356T475_NEG","M356T501_NEG"
"922","M356T531_NEG","M356T558_NEG"
"923","M356T686_NEG","M356T703_NEG"
"924","M357T298_NEG","M357T310_NEG"
"925","M357T125_NEG","M357T169_NEG"
"926","M357T400_NEG","M357T420_NEG"
"927","M358T335_NEG","M358T356_NEG"
"928","M358T270_NEG","M358T299_NEG"
"929","M358T766_NEG","M358T781_NEG"
"930","M358T659_NEG","M358T661_NEG"
"931","M359T134_NEG","M359T188_NEG"
"932","M359T508_NEG","M359T539_NEG"
"933","M359T769_NEG","M359T768_NEG"
"934","M359T565_NEG","M359T522_NEG"
"935","M359T655_NEG","M359T662_NEG"
"936","M359T507_NEG","M359T522_NEG"
"937","M359T437_NEG","M359T522_NEG"
"938","M359T263_NEG","M359T281_NEG"
"939","M360T275_NEG","M360T292_NEG"
"940","M360T396_NEG","M360T427_NEG"
"941","M360T533_NEG","M360T616_NEG"
"942","M360T349_NEG","M360T367_NEG"
"943","M360T768_NEG","M360T758_NEG"
"944","M360T436_NEG","M360T367_NEG"
"945","M361T529_NEG","M361T545_NEG"
"946","M361T134_NEG","M361T100_NEG"
"947","M362T237_NEG","M362T235_NEG"
"948","M362T545_NEG","M362T591_NEG"
"949","M362T438_NEG","M362T428_NEG"
"950","M362T323_NEG","M362T326_NEG"
"951","M362T817_NEG","M362T814_NEG"
"952","M363T503_NEG","M363T432_NEG"
"953","M363T111_NEG","M363T115_NEG"
"954","M363T272_NEG","M363T252_NEG"
"955","M363T642_NEG","M363T660_NEG"
"956","M363T560_NEG","M363T660_NEG"
"957","M364T1025_NEG","M364T1017_NEG"
"958","M364T510_NEG","M364T557_NEG"
"959","M364T275_NEG","M364T291_NEG"
"960","M364T771_NEG","M364T787_NEG"
"961","M364T638_NEG","M364T664_NEG"
"962","M364T576_NEG","M364T598_NEG"
"963","M364T484_NEG","M364T510_NEG"
"964","M364T395_NEG","M364T510_NEG"
"965","M365T664_NEG","M365T693_NEG"
"966","M366T528_NEG","M366T557_NEG"
"967","M366T380_NEG","M366T397_NEG"
"968","M366T441_NEG","M366T557_NEG"
"969","M366T352_NEG","M366T273_NEG"
"970","M366T507_NEG","M366T533_NEG"
"971","M366T254_NEG","M366T273_NEG"
"972","M367T711_NEG","M367T712_NEG"
"973","M367T249_NEG","M367T205_NEG"
"974","M367T524_NEG","M367T560_NEG"
"975","M367T106_NEG","M367T205_NEG"
"976","M367T962_NEG","M367T843_NEG"
"977","M367T581_NEG","M367T590_NEG"
"978","M368T711_NEG","M368T713_NEG"
"979","M368T382_NEG","M368T414_NEG"
"980","M368T510_NEG","M368T414_NEG"
"981","M368T445_NEG","M368T414_NEG"
"982","M368T612_NEG","M368T634_NEG"
"983","M368T320_NEG","M368T414_NEG"
"984","M369T359_NEG","M369T396_NEG"
"985","M369T593_NEG","M369T613_NEG"
"986","M370T338_NEG","M370T223_NEG"
"987","M370T421_NEG","M370T442_NEG"
"988","M370T150_NEG","M370T155_NEG"
"989","M370T493_NEG","M370T524_NEG"
"990","M371T436_NEG","M371T441_NEG"
"991","M371T323_NEG","M371T318_NEG"
"992","M371T568_NEG","M371T462_NEG"
"993","M372T166_NEG","M372T93_NEG"
"994","M372T567_NEG","M372T605_NEG"
"995","M372T446_NEG","M372T398_NEG"
"996","M373T318_NEG","M373T333_NEG"
"997","M373T197_NEG","M373T210_NEG"
"998","M373T570_NEG","M373T494_NEG"
"999","M373T793_NEG","M373T800_NEG"
"1000","M373T565_NEG","M373T585_NEG"
"1001","M373T659_NEG","M373T679_NEG"
"1002","M373T368_NEG","M373T387_NEG"
"1003","M374T290_NEG","M374T313_NEG"
"1004","M374T572_NEG","M374T574_NEG"
"1005","M374T659_NEG","M374T670_NEG"
"1006","M374T793_NEG","M374T790_NEG"
"1007","M374T342_NEG","M374T327_NEG"
"1008","M375T519_NEG","M375T520_NEG"
"1009","M375T380_NEG","M375T408_NEG"
"1010","M375T738_NEG","M375T699_NEG"
"1011","M376T271_NEG","M376T198_NEG"
"1012","M376T497_NEG","M376T553_NEG"
"1013","M376T500_NEG","M376T523_NEG"
"1014","M376T661_NEG","M376T692_NEG"
"1015","M376T600_NEG","M376T619_NEG"
"1016","M376T758_NEG","M376T692_NEG"
"1017","M377T659_NEG","M377T691_NEG"
"1018","M377T526_NEG","M377T516_NEG"
"1019","M377T453_NEG","M377T516_NEG"
"1020","M378T672_NEG","M378T703_NEG"
"1021","M378T180_NEG","M378T193_NEG"
"1022","M379T711_NEG","M379T712_NEG"
"1023","M379T438_NEG","M379T451_NEG"
"1024","M380T666_NEG","M380T681_NEG"
"1025","M380T268_NEG","M380T284_NEG"
"1026","M380T339_NEG","M380T358_NEG"
"1027","M381T357_NEG","M381T381_NEG"
"1028","M381T738_NEG","M381T734_NEG"
"1029","M381T287_NEG","M381T322_NEG"
"1030","M382T316_NEG","M382T332_NEG"
"1031","M382T556_NEG","M382T585_NEG"
"1032","M382T723_NEG","M382T720_NEG"
"1033","M383T416_NEG","M383T343_NEG"
"1034","M383T327_NEG","M383T343_NEG"
"1035","M383T554_NEG","M383T575_NEG"
"1036","M383T603_NEG","M383T597_NEG"
"1037","M384T167_NEG","M384T259_NEG"
"1038","M384T415_NEG","M384T422_NEG"
"1039","M384T500_NEG","M384T517_NEG"
"1040","M384T324_NEG","M384T336_NEG"
"1041","M384T767_NEG","M384T799_NEG"
"1042","M384T590_NEG","M384T605_NEG"
"1043","M384T313_NEG","M384T320_NEG"
"1044","M384T140_NEG","M384T146_NEG"
"1045","M384T425_NEG","M384T448_NEG"
"1046","M385T357_NEG","M385T417_NEG"
"1047","M385T286_NEG","M385T290_NEG"
"1048","M385T432_NEG","M385T417_NEG"
"1049","M385T605_NEG","M385T612_NEG"
"1050","M385T389_NEG","M385T406_NEG"
"1051","M386T262_NEG","M386T282_NEG"
"1052","M386T592_NEG","M386T633_NEG"
"1053","M386T496_NEG","M386T521_NEG"
"1054","M386T380_NEG","M386T407_NEG"
"1055","M386T698_NEG","M386T633_NEG"
"1056","M387T607_NEG","M387T610_NEG"
"1057","M388T553_NEG","M388T580_NEG"
"1058","M388T607_NEG","M388T623_NEG"
"1059","M389T120_NEG","M389T144_NEG"
"1060","M389T373_NEG","M389T459_NEG"
"1061","M389T502_NEG","M389T590_NEG"
"1062","M389T439_NEG","M389T459_NEG"
"1063","M389T678_NEG","M389T691_NEG"
"1064","M390T574_NEG","M390T600_NEG"
"1065","M390T447_NEG","M390T475_NEG"
"1066","M390T519_NEG","M390T556_NEG"
"1067","M390T370_NEG","M390T393_NEG"
"1068","M391T576_NEG","M391T601_NEG"
"1069","M391T516_NEG","M391T529_NEG"
"1070","M392T577_NEG","M392T600_NEG"
"1071","M392T500_NEG","M392T526_NEG"
"1072","M392T710_NEG","M392T707_NEG"
"1073","M393T467_NEG","M393T419_NEG"
"1074","M394T753_NEG","M394T768_NEG"
"1075","M395T280_NEG","M395T192_NEG"
"1076","M395T529_NEG","M395T553_NEG"
"1077","M395T635_NEG","M395T649_NEG"
"1078","M395T807_NEG","M395T803_NEG"
"1079","M395T295_NEG","M395T309_NEG"
"1080","M395T772_NEG","M395T768_NEG"
"1081","M396T206_NEG","M396T304_NEG"
"1082","M396T280_NEG","M396T218_NEG"
"1083","M396T95_NEG","M396T98_NEG"
"1084","M396T805_NEG","M396T802_NEG"
"1085","M396T295_NEG","M396T307_NEG"
"1086","M397T483_NEG","M397T552_NEG"
"1087","M397T619_NEG","M397T625_NEG"
"1088","M398T406_NEG","M398T432_NEG"
"1089","M398T496_NEG","M398T534_NEG"
"1090","M398T852_NEG","M398T851_NEG"
"1091","M398T331_NEG","M398T341_NEG"
"1092","M399T547_NEG","M399T566_NEG"
"1093","M399T286_NEG","M399T196_NEG"
"1094","M400T406_NEG","M400T411_NEG"
"1095","M400T548_NEG","M400T580_NEG"
"1096","M400T459_NEG","M400T461_NEG"
"1097","M400T622_NEG","M400T580_NEG"
"1098","M400T324_NEG","M400T342_NEG"
"1099","M401T606_NEG","M401T521_NEG"
"1100","M401T667_NEG","M401T651_NEG"
"1101","M402T358_NEG","M402T306_NEG"
"1102","M402T609_NEG","M402T663_NEG"
"1103","M402T480_NEG","M402T499_NEG"
"1104","M402T304_NEG","M402T310_NEG"
"1105","M402T392_NEG","M402T310_NEG"
"1106","M404T619_NEG","M404T554_NEG"
"1107","M405T472_NEG","M405T439_NEG"
"1108","M405T312_NEG","M405T326_NEG"
"1109","M405T772_NEG","M405T680_NEG"
"1110","M405T140_NEG","M405T105_NEG"
"1111","M405T597_NEG","M405T604_NEG"
"1112","M406T181_NEG","M406T183_NEG"
"1113","M406T495_NEG","M406T504_NEG"
"1114","M406T617_NEG","M406T617_NEG"
"1115","M406T321_NEG","M406T342_NEG"
"1116","M407T350_NEG","M407T294_NEG"
"1117","M407T276_NEG","M407T394_NEG"
"1118","M407T574_NEG","M407T581_NEG"
"1119","M407T681_NEG","M407T581_NEG"
"1120","M407T420_NEG","M407T442_NEG"
"1121","M408T595_NEG","M408T606_NEG"
"1122","M408T428_NEG","M408T527_NEG"
"1123","M409T648_NEG","M409T665_NEG"
"1124","M409T673_NEG","M409T683_NEG"
"1125","M409T740_NEG","M409T683_NEG"
"1126","M410T98_NEG","M410T104_NEG"
"1127","M410T764_NEG","M410T758_NEG"
"1128","M410T618_NEG","M410T628_NEG"
"1129","M411T675_NEG","M411T637_NEG"
"1130","M411T246_NEG","M411T258_NEG"
"1131","M411T836_NEG","M411T828_NEG"
"1132","M412T681_NEG","M412T699_NEG"
"1133","M412T830_NEG","M412T827_NEG"
"1134","M413T497_NEG","M413T399_NEG"
"1135","M413T690_NEG","M413T694_NEG"
"1136","M414T637_NEG","M414T696_NEG"
"1137","M414T371_NEG","M414T399_NEG"
"1138","M414T737_NEG","M414T696_NEG"
"1139","M415T732_NEG","M415T737_NEG"
"1140","M415T184_NEG","M415T194_NEG"
"1141","M415T621_NEG","M415T737_NEG"
"1142","M416T485_NEG","M416T509_NEG"
"1143","M416T723_NEG","M416T688_NEG"
"1144","M417T165_NEG","M417T196_NEG"
"1145","M417T276_NEG","M417T280_NEG"
"1146","M417T327_NEG","M417T350_NEG"
"1147","M418T374_NEG","M418T398_NEG"
"1148","M418T131_NEG","M418T146_NEG"
"1149","M418T528_NEG","M418T553_NEG"
"1150","M418T745_NEG","M418T751_NEG"
"1151","M419T136_NEG","M419T143_NEG"
"1152","M419T584_NEG","M419T487_NEG"
"1153","M419T640_NEG","M419T743_NEG"
"1154","M419T709_NEG","M419T606_NEG"
"1155","M420T710_NEG","M420T717_NEG"
"1156","M420T785_NEG","M420T782_NEG"
"1157","M421T200_NEG","M421T216_NEG"
"1158","M422T167_NEG","M422T179_NEG"
"1159","M422T621_NEG","M422T634_NEG"
"1160","M422T376_2_NEG","M422T396_NEG"
"1161","M422T691_NEG","M422T693_NEG"
"1162","M423T325_NEG","M423T308_NEG"
"1163","M423T168_NEG","M423T117_NEG"
"1164","M423T577_NEG","M423T671_NEG"
"1165","M423T522_NEG","M423T573_NEG"
"1166","M424T632_NEG","M424T628_NEG"
"1167","M424T325_NEG","M424T445_NEG"
"1168","M424T121_NEG","M424T141_NEG"
"1169","M425T228_NEG","M425T250_NEG"
"1170","M425T657_NEG","M425T655_NEG"
"1171","M425T570_NEG","M425T536_NEG"
"1172","M425T432_NEG","M425T536_NEG"
"1173","M426T357_NEG","M426T390_NEG"
"1174","M426T96_NEG","M426T102_NEG"
"1175","M426T659_NEG","M426T675_NEG"
"1176","M426T554_NEG","M426T573_NEG"
"1177","M426T425_NEG","M426T449_NEG"
"1178","M426T287_NEG","M426T303_NEG"
"1179","M427T445_NEG","M427T367_NEG"
"1180","M427T689_NEG","M427T695_NEG"
"1181","M427T346_NEG","M427T367_NEG"
"1182","M427T287_NEG","M427T303_NEG"
"1183","M427T563_NEG","M427T604_NEG"
"1184","M428T225_NEG","M428T285_NEG"
"1185","M428T692_NEG","M428T695_NEG"
"1186","M428T497_NEG","M428T453_NEG"
"1187","M429T269_NEG","M429T286_NEG"
"1188","M429T573_NEG","M429T593_NEG"
"1189","M429T120_NEG","M429T127_NEG"
"1190","M429T699_NEG","M429T707_NEG"
"1191","M429T601_NEG","M429T615_NEG"
"1192","M429T285_NEG","M429T272_NEG"
"1193","M429T332_NEG","M429T350_NEG"
"1194","M430T121_NEG","M430T129_NEG"
"1195","M430T605_NEG","M430T616_NEG"
"1196","M431T441_NEG","M431T540_NEG"
"1197","M431T527_NEG","M431T540_NEG"
"1198","M431T600_NEG","M431T619_NEG"
"1199","M431T737_NEG","M431T737_NEG"
"1200","M431T120_NEG","M431T120_NEG"
"1201","M431T651_NEG","M431T663_NEG"
"1202","M432T428_NEG","M432T432_NEG"
"1203","M432T336_NEG","M432T432_NEG"
"1204","M432T192_NEG","M432T202_NEG"
"1205","M432T643_NEG","M432T655_NEG"
"1206","M433T681_NEG","M433T700_NEG"
"1207","M433T574_NEG","M433T583_NEG"
"1208","M433T409_NEG","M433T399_NEG"
"1209","M434T560_NEG","M434T578_NEG"
"1210","M434T681_NEG","M434T693_NEG"
"1211","M434T281_NEG","M434T293_NEG"
"1212","M435T720_NEG","M435T719_NEG"
"1213","M435T317_NEG","M435T330_NEG"
"1214","M436T465_NEG","M436T466_NEG"
"1215","M436T295_NEG","M436T308_NEG"
"1216","M436T727_NEG","M436T719_NEG"
"1217","M437T379_NEG","M437T398_NEG"
"1218","M437T727_NEG","M437T727_NEG"
"1219","M437T365_NEG","M437T387_NEG"
"1220","M438T334_NEG","M438T353_NEG"
"1221","M438T572_NEG","M438T589_NEG"
"1222","M439T475_NEG","M439T505_NEG"
"1223","M439T191_NEG","M439T198_NEG"
"1224","M439T605_NEG","M439T639_NEG"
"1225","M439T500_NEG","M439T534_NEG"
"1226","M439T382_NEG","M439T399_NEG"
"1227","M439T737_NEG","M439T737_NEG"
"1228","M440T353_NEG","M440T336_NEG"
"1229","M440T606_NEG","M440T625_NEG"
"1230","M440T382_NEG","M440T419_NEG"
"1231","M440T298_NEG","M440T313_NEG"
"1232","M440T738_NEG","M440T743_NEG"
"1233","M440T97_NEG","M440T106_NEG"
"1234","M440T510_NEG","M440T625_NEG"
"1235","M441T596_NEG","M441T620_NEG"
"1236","M441T383_NEG","M441T390_NEG"
"1237","M441T696_NEG","M441T697_NEG"
"1238","M441T757_NEG","M441T770_NEG"
"1239","M442T135_NEG","M442T142_NEG"
"1240","M442T307_NEG","M442T310_NEG"
"1241","M442T565_NEG","M442T577_NEG"
"1242","M442T707_NEG","M442T719_NEG"
"1243","M442T381_NEG","M442T399_NEG"
"1244","M443T612_NEG","M443T630_NEG"
"1245","M443T493_NEG","M443T525_NEG"
"1246","M443T728_NEG","M443T726_NEG"
"1247","M444T316_NEG","M444T350_NEG"
"1248","M444T139_NEG","M444T80_NEG"
"1249","M444T489_NEG","M444T411_NEG"
"1250","M444T731_NEG","M444T732_NEG"
"1251","M444T570_NEG","M444T589_NEG"
"1252","M444T740_NEG","M444T737_NEG"
"1253","M445T545_NEG","M445T562_NEG"
"1254","M445T687_NEG","M445T713_NEG"
"1255","M445T295_NEG","M445T312_NEG"
"1256","M445T456_NEG","M445T452_NEG"
"1257","M445T626_NEG","M445T638_NEG"
"1258","M446T512_NEG","M446T537_NEG"
"1259","M446T623_NEG","M446T565_NEG"
"1260","M446T685_NEG","M446T710_NEG"
"1261","M446T547_NEG","M446T565_NEG"
"1262","M446T455_NEG","M446T456_NEG"
"1263","M447T626_NEG","M447T654_NEG"
"1264","M447T519_NEG","M447T544_NEG"
"1265","M447T930_NEG","M447T899_NEG"
"1266","M448T268_NEG","M448T285_NEG"
"1267","M448T433_NEG","M448T452_NEG"
"1268","M448T150_NEG","M448T141_NEG"
"1269","M448T834_NEG","M448T823_NEG"
"1270","M448T928_NEG","M448T896_NEG"
"1271","M448T765_NEG","M448T823_NEG"
"1272","M449T585_NEG","M449T599_NEG"
"1273","M449T428_NEG","M449T451_NEG"
"1274","M449T944_NEG","M449T930_NEG"
"1275","M449T765_NEG","M449T823_NEG"
"1276","M450T261_NEG","M450T285_NEG"
"1277","M450T122_NEG","M450T128_NEG"
"1278","M450T584_NEG","M450T605_NEG"
"1279","M450T433_NEG","M450T453_NEG"
"1280","M450T343_NEG","M450T370_NEG"
"1281","M450T715_NEG","M450T760_NEG"
"1282","M450T942_NEG","M450T931_NEG"
"1283","M451T376_NEG","M451T394_NEG"
"1284","M451T310_NEG","M451T394_NEG"
"1285","M451T249_NEG","M451T306_NEG"
"1286","M451T732_NEG","M451T736_NEG"
"1287","M451T942_NEG","M451T936_NEG"
"1288","M451T869_NEG","M451T936_NEG"
"1289","M452T596_NEG","M452T596_NEG"
"1290","M452T377_NEG","M452T396_NEG"
"1291","M453T260_NEG","M453T284_NEG"
"1292","M453T764_NEG","M453T770_NEG"
"1293","M454T270_NEG","M454T280_NEG"
"1294","M454T763_NEG","M454T762_NEG"
"1295","M455T606_NEG","M455T647_NEG"
"1296","M455T484_NEG","M455T510_NEG"
"1297","M455T410_NEG","M455T374_NEG"
"1298","M455T353_NEG","M455T306_NEG"
"1299","M456T578_NEG","M456T520_NEG"
"1300","M456T762_NEG","M456T759_NEG"
"1301","M457T149_NEG","M457T122_NEG"
"1302","M457T327_NEG","M457T324_NEG"
"1303","M457T737_NEG","M457T662_NEG"
"1304","M458T559_NEG","M458T574_NEG"
"1305","M458T440_NEG","M458T456_NEG"
"1306","M459T724_NEG","M459T727_NEG"
"1307","M459T280_NEG","M459T301_NEG"
"1308","M459T435_NEG","M459T410_NEG"
"1309","M459T640_NEG","M459T654_2_NEG"
"1310","M460T507_NEG","M460T533_NEG"
"1311","M460T386_NEG","M460T401_NEG"
"1312","M460T569_NEG","M460T592_NEG"
"1313","M460T767_NEG","M460T766_NEG"
"1314","M461T374_NEG","M461T402_NEG"
"1315","M461T723_NEG","M461T734_NEG"
"1316","M461T130_NEG","M461T153_NEG"
"1317","M461T579_NEG","M461T597_NEG"
"1318","M461T496_NEG","M461T525_NEG"
"1319","M461T766_NEG","M461T765_NEG"
"1320","M462T593_NEG","M462T610_NEG"
"1321","M462T494_NEG","M462T518_NEG"
"1322","M463T325_NEG","M463T323_NEG"
"1323","M463T728_NEG","M463T723_NEG"
"1324","M463T603_NEG","M463T577_NEG"
"1325","M463T525_NEG","M463T577_NEG"
"1326","M464T223_NEG","M464T334_NEG"
"1327","M464T728_NEG","M464T723_NEG"
"1328","M464T604_NEG","M464T621_NEG"
"1329","M464T280_NEG","M464T307_NEG"
"1330","M465T795_NEG","M465T756_NEG"
"1331","M465T541_NEG","M465T577_NEG"
"1332","M465T627_NEG","M465T577_NEG"
"1333","M465T390_NEG","M465T415_NEG"
"1334","M465T463_NEG","M465T577_NEG"
"1335","M465T170_NEG","M465T180_NEG"
"1336","M466T749_NEG","M466T722_NEG"
"1337","M466T280_NEG","M466T361_NEG"
"1338","M466T464_NEG","M466T488_NEG"
"1339","M466T390_NEG","M466T411_NEG"
"1340","M466T548_NEG","M466T578_NEG"
"1341","M466T623_NEG","M466T578_NEG"
"1342","M467T679_NEG","M467T726_NEG"
"1343","M467T276_NEG","M467T289_NEG"
"1344","M467T354_NEG","M467T408_NEG"
"1345","M467T117_NEG","M467T155_NEG"
"1346","M467T808_NEG","M467T749_NEG"
"1347","M468T352_NEG","M468T301_NEG"
"1348","M468T679_NEG","M468T685_NEG"
"1349","M468T751_NEG","M468T756_NEG"
"1350","M468T808_NEG","M468T756_NEG"
"1351","M469T480_NEG","M469T503_NEG"
"1352","M469T382_NEG","M469T403_NEG"
"1353","M469T754_NEG","M469T775_NEG"
"1354","M469T678_NEG","M469T684_NEG"
"1355","M469T513_NEG","M469T535_NEG"
"1356","M470T429_NEG","M470T452_NEG"
"1357","M470T480_NEG","M470T405_NEG"
"1358","M470T772_NEG","M470T765_NEG"
"1359","M470T678_NEG","M470T685_NEG"
"1360","M470T95_NEG","M470T97_NEG"
"1361","M471T197_NEG","M471T205_NEG"
"1362","M471T791_NEG","M471T787_NEG"
"1363","M471T376_NEG","M471T493_NEG"
"1364","M472T324_NEG","M472T366_NEG"
"1365","M472T777_NEG","M472T769_NEG"
"1366","M474T456_NEG","M474T478_NEG"
"1367","M474T560_NEG","M474T583_NEG"
"1368","M474T647_NEG","M474T666_NEG"
"1369","M474T448_NEG","M474T464_NEG"
"1370","M475T621_NEG","M475T622_NEG"
"1371","M475T542_NEG","M475T622_NEG"
"1372","M476T414_NEG","M476T302_NEG"
"1373","M476T638_NEG","M476T652_NEG"
"1374","M476T452_NEG","M476T446_NEG"
"1375","M476T803_NEG","M476T767_NEG"
"1376","M477T646_NEG","M477T624_NEG"
"1377","M477T540_NEG","M477T437_NEG"
"1378","M477T288_NEG","M477T303_NEG"
"1379","M477T359_NEG","M477T303_NEG"
"1380","M478T510_NEG","M478T515_NEG"
"1381","M478T659_NEG","M478T678_NEG"
"1382","M478T587_NEG","M478T678_NEG"
"1383","M478T394_NEG","M478T305_NEG"
"1384","M478T285_NEG","M478T305_NEG"
"1385","M479T680_NEG","M479T687_NEG"
"1386","M479T599_NEG","M479T687_NEG"
"1387","M479T510_NEG","M479T604_NEG"
"1388","M480T317_NEG","M480T332_NEG"
"1389","M480T670_NEG","M480T662_NEG"
"1390","M480T593_NEG","M480T510_NEG"
"1391","M480T499_NEG","M480T510_NEG"
"1392","M480T304_NEG","M480T320_NEG"
"1393","M481T316_NEG","M481T257_NEG"
"1394","M481T230_NEG","M481T257_NEG"
"1395","M481T170_NEG","M481T257_NEG"
"1396","M481T701_NEG","M481T704_NEG"
"1397","M482T701_NEG","M482T704_NEG"
"1398","M483T351_NEG","M483T357_NEG"
"1399","M483T109_NEG","M483T94_NEG"
"1400","M483T580_NEG","M483T592_NEG"
"1401","M483T727_NEG","M483T701_NEG"
"1402","M485T601_NEG","M485T708_NEG"
"1403","M485T431_NEG","M485T452_NEG"
"1404","M485T575_NEG","M485T590_NEG"
"1405","M486T437_NEG","M486T451_NEG"
"1406","M486T301_NEG","M486T295_NEG"
"1407","M486T559_NEG","M486T589_NEG"
"1408","M486T416_NEG","M486T436_NEG"
"1409","M486T95_NEG","M486T100_NEG"
"1410","M487T472_NEG","M487T513_NEG"
"1411","M487T284_NEG","M487T308_NEG"
"1412","M487T569_NEG","M487T513_NEG"
"1413","M487T685_NEG","M487T699_NEG"
"1414","M487T767_NEG","M487T752_NEG"
"1415","M488T493_NEG","M488T519_1_NEG"
"1416","M488T656_NEG","M488T620_NEG"
"1417","M488T112_NEG","M488T107_NEG"
"1418","M488T559_NEG","M488T519_1_NEG"
"1419","M489T281_NEG","M489T321_NEG"
"1420","M489T372_NEG","M489T321_NEG"
"1421","M489T782_NEG","M489T779_NEG"
"1422","M489T494_NEG","M489T521_NEG"
"1423","M489T704_NEG","M489T686_NEG"
"1424","M489T634_NEG","M489T521_NEG"
"1425","M490T524_NEG","M490T523_NEG"
"1426","M490T782_NEG","M490T769_NEG"
"1427","M490T651_NEG","M490T660_NEG"
"1428","M491T290_NEG","M491T308_NEG"
"1429","M492T431_NEG","M492T316_NEG"
"1430","M492T298_NEG","M492T316_NEG"
"1431","M492T167_NEG","M492T182_NEG"
"1432","M492T715_NEG","M492T701_NEG"
"1433","M492T512_NEG","M492T545_NEG"
"1434","M492T631_NEG","M492T545_NEG"
"1435","M493T571_NEG","M493T594_NEG"
"1436","M493T310_NEG","M493T325_NEG"
"1437","M493T694_NEG","M493T707_NEG"
"1438","M493T858_NEG","M493T769_NEG"
"1439","M493T482_NEG","M493T594_NEG"
"1440","M493T770_NEG","M493T769_NEG"
"1441","M494T692_NEG","M494T796_NEG"
"1442","M494T482_NEG","M494T510_NEG"
"1443","M494T563_NEG","M494T584_NEG"
"1444","M495T304_NEG","M495T305_NEG"
"1445","M495T410_NEG","M495T439_NEG"
"1446","M496T568_NEG","M496T579_NEG"
"1447","M496T795_NEG","M496T781_NEG"
"1448","M496T306_NEG","M496T319_NEG"
"1449","M497T139_NEG","M497T153_NEG"
"1450","M497T658_NEG","M497T599_NEG"
"1451","M497T554_NEG","M497T484_NEG"
"1452","M497T256_NEG","M497T153_NEG"
"1453","M497T796_NEG","M497T793_NEG"
"1454","M497T739_NEG","M497T723_NEG"
"1455","M498T331_NEG","M498T269_NEG"
"1456","M498T250_NEG","M498T269_NEG"
"1457","M498T418_NEG","M498T353_NEG"
"1458","M498T795_NEG","M498T793_NEG"
"1459","M498T585_NEG","M498T508_NEG"
"1460","M498T723_NEG","M498T723_NEG"
"1461","M498T473_NEG","M498T508_NEG"
"1462","M499T467_NEG","M499T500_NEG"
"1463","M499T778_NEG","M499T770_NEG"
"1464","M500T323_NEG","M500T345_NEG"
"1465","M501T513_NEG","M501T446_NEG"
"1466","M503T350_NEG","M503T305_NEG"
"1467","M503T115_NEG","M503T105_NEG"
"1468","M503T687_NEG","M503T689_NEG"
"1469","M504T572_NEG","M504T572_NEG"
"1470","M504T275_NEG","M504T373_NEG"
"1471","M504T427_NEG","M504T443_NEG"
"1472","M504T687_NEG","M504T706_NEG"
"1473","M505T336_NEG","M505T373_NEG"
"1474","M505T562_NEG","M505T475_NEG"
"1475","M505T698_NEG","M505T688_NEG"
"1476","M506T692_NEG","M506T685_NEG"
"1477","M506T415_NEG","M506T435_NEG"
"1478","M506T247_NEG","M506T283_NEG"
"1479","M507T673_NEG","M507T688_NEG"
"1480","M507T257_NEG","M507T296_NEG"
"1481","M507T835_NEG","M507T828_NEG"
"1482","M508T494_NEG","M508T521_NEG"
"1483","M508T569_NEG","M508T674_NEG"
"1484","M508T836_NEG","M508T829_NEG"
"1485","M509T297_NEG","M509T316_NEG"
"1486","M509T721_NEG","M509T608_NEG"
"1487","M509T835_NEG","M509T831_NEG"
"1488","M509T494_NEG","M509T608_NEG"
"1489","M509T759_NEG","M509T752_NEG"
"1490","M509T667_NEG","M509T676_NEG"
"1491","M510T547_NEG","M510T522_NEG"
"1492","M510T757_NEG","M510T701_NEG"
"1493","M510T668_NEG","M510T701_NEG"
"1494","M511T255_NEG","M511T274_NEG"
"1495","M511T179_NEG","M511T274_NEG"
"1496","M511T714_NEG","M511T711_NEG"
"1497","M512T276_NEG","M512T295_NEG"
"1498","M512T256_NEG","M512T273_NEG"
"1499","M512T706_NEG","M512T709_NEG"
"1500","M512T700_NEG","M512T704_NEG"
"1501","M512T519_NEG","M512T544_NEG"
"1502","M513T579_NEG","M513T597_NEG"
"1503","M513T706_NEG","M513T704_NEG"
"1504","M513T492_NEG","M513T597_NEG"
"1505","M513T772_NEG","M513T736_NEG"
"1506","M513T676_NEG","M513T736_NEG"
"1507","M514T336_NEG","M514T364_NEG"
"1508","M514T578_NEG","M514T596_NEG"
"1509","M514T251_NEG","M514T271_NEG"
"1510","M514T420_NEG","M514T446_NEG"
"1511","M515T419_NEG","M515T365_NEG"
"1512","M515T579_NEG","M515T596_NEG"
"1513","M515T701_NEG","M515T743_NEG"
"1514","M516T420_NEG","M516T439_NEG"
"1515","M516T579_NEG","M516T582_NEG"
"1516","M516T679_NEG","M516T711_NEG"
"1517","M517T419_NEG","M517T440_NEG"
"1518","M517T493_NEG","M517T440_NEG"
"1519","M518T359_NEG","M518T372_NEG"
"1520","M519T331_NEG","M519T307_NEG"
"1521","M519T500_NEG","M519T532_NEG"
"1522","M519T568_NEG","M519T630_NEG"
"1523","M519T738_NEG","M519T737_NEG"
"1524","M520T623_NEG","M520T653_NEG"
"1525","M520T516_NEG","M520T540_NEG"
"1526","M521T121_NEG","M521T130_NEG"
"1527","M521T628_NEG","M521T674_NEG"
"1528","M522T649_NEG","M522T653_NEG"
"1529","M522T534_NEG","M522T653_NEG"
"1530","M523T650_NEG","M523T642_NEG"
"1531","M523T454_NEG","M523T463_NEG"
"1532","M523T100_NEG","M523T105_NEG"
"1533","M524T661_NEG","M524T650_NEG"
"1534","M524T573_NEG","M524T650_NEG"
"1535","M524T97_NEG","M524T101_NEG"
"1536","M525T296_NEG","M525T313_NEG"
"1537","M525T99_NEG","M525T105_NEG"
"1538","M525T607_NEG","M525T661_NEG"
"1539","M525T722_NEG","M525T661_NEG"
"1540","M526T285_NEG","M526T294_NEG"
"1541","M526T353_NEG","M526T372_NEG"
"1542","M526T635_NEG","M526T664_NEG"
"1543","M526T723_NEG","M526T664_NEG"
"1544","M527T663_NEG","M527T649_NEG"
"1545","M527T414_NEG","M527T436_NEG"
"1546","M527T655_NEG","M527T662_NEG"
"1547","M527T728_NEG","M527T662_NEG"
"1548","M528T751_NEG","M528T749_NEG"
"1549","M528T804_NEG","M528T851_NEG"
"1550","M529T393_NEG","M529T412_NEG"
"1551","M529T287_NEG","M529T312_NEG"
"1552","M529T533_NEG","M529T537_NEG"
"1553","M529T414_NEG","M529T435_NEG"
"1554","M529T810_NEG","M529T750_NEG"
"1555","M529T335_NEG","M529T351_NEG"
"1556","M529T650_NEG","M529T750_NEG"
"1557","M530T521_NEG","M530T550_NEG"
"1558","M530T414_NEG","M530T427_NEG"
"1559","M530T662_NEG","M530T665_NEG"
"1560","M530T561_NEG","M530T665_NEG"
"1561","M531T662_NEG","M531T670_NEG"
"1562","M531T795_NEG","M531T791_NEG"
"1563","M531T941_NEG","M531T932_NEG"
"1564","M532T477_NEG","M532T452_NEG"
"1565","M532T729_NEG","M532T728_NEG"
"1566","M532T941_NEG","M532T931_NEG"
"1567","M533T374_NEG","M533T392_NEG"
"1568","M533T501_NEG","M533T542_NEG"
"1569","M533T256_NEG","M533T289_NEG"
"1570","M533T727_NEG","M533T723_NEG"
"1571","M534T354_NEG","M534T320_NEG"
"1572","M535T353_NEG","M535T278_NEG"
"1573","M535T598_NEG","M535T597_NEG"
"1574","M535T433_NEG","M535T456_NEG"
"1575","M535T189_NEG","M535T198_NEG"
"1576","M536T240_NEG","M536T232_NEG"
"1577","M537T377_NEG","M537T400_NEG"
"1578","M537T599_NEG","M537T618_NEG"
"1579","M537T240_NEG","M537T249_NEG"
"1580","M537T424_NEG","M537T447_NEG"
"1581","M537T790_NEG","M537T787_NEG"
"1582","M538T334_NEG","M538T352_NEG"
"1583","M538T628_NEG","M538T655_NEG"
"1584","M538T435_NEG","M538T434_NEG"
"1585","M539T608_NEG","M539T624_NEG"
"1586","M539T363_NEG","M539T397_NEG"
"1587","M539T754_NEG","M539T752_NEG"
"1588","M539T666_NEG","M539T752_NEG"
"1589","M540T608_NEG","M540T626_NEG"
"1590","M540T360_NEG","M540T381_NEG"
"1591","M540T276_NEG","M540T161_NEG"
"1592","M540T429_NEG","M540T449_NEG"
"1593","M540T754_NEG","M540T751_NEG"
"1594","M541T416_NEG","M541T448_NEG"
"1595","M541T647_NEG","M541T656_NEG"
"1596","M542T340_NEG","M542T362_NEG"
"1597","M542T268_NEG","M542T289_NEG"
"1598","M542T647_NEG","M542T668_NEG"
"1599","M543T336_NEG","M543T435_NEG"
"1600","M543T500_NEG","M543T551_NEG"
"1601","M543T397_NEG","M543T365_NEG"
"1602","M543T641_NEG","M543T656_NEG"
"1603","M544T359_NEG","M544T325_NEG"
"1604","M544T742_NEG","M544T747_NEG"
"1605","M544T336_NEG","M544T353_NEG"
"1606","M545T357_NEG","M545T376_NEG"
"1607","M547T423_NEG","M547T444_NEG"
"1608","M547T570_NEG","M547T517_NEG"
"1609","M547T749_NEG","M547T748_NEG"
"1610","M547T635_NEG","M547T517_NEG"
"1611","M548T622_NEG","M548T635_NEG"
"1612","M548T735_NEG","M548T748_NEG"
"1613","M549T470_NEG","M549T579_NEG"
"1614","M549T755_NEG","M549T770_NEG"
"1615","M550T332_NEG","M550T349_NEG"
"1616","M550T597_NEG","M550T554_NEG"
"1617","M550T809_NEG","M550T841_NEG"
"1618","M551T325_NEG","M551T349_NEG"
"1619","M552T168_NEG","M552T182_NEG"
"1620","M552T766_NEG","M552T765_NEG"
"1621","M553T423_NEG","M553T449_NEG"
"1622","M553T698_NEG","M553T714_NEG"
"1623","M553T353_NEG","M553T301_NEG"
"1624","M553T606_NEG","M553T714_NEG"
"1625","M553T773_NEG","M553T772_NEG"
"1626","M553T674_NEG","M553T679_NEG"
"1627","M554T697_NEG","M554T713_NEG"
"1628","M554T773_NEG","M554T700_NEG"
"1629","M554T506_NEG","M554T531_NEG"
"1630","M555T581_NEG","M555T588_NEG"
"1631","M556T573_NEG","M556T579_NEG"
"1632","M556T347_NEG","M556T342_NEG"
"1633","M556T685_NEG","M556T579_NEG"
"1634","M558T256_NEG","M558T273_NEG"
"1635","M558T611_NEG","M558T629_NEG"
"1636","M558T429_NEG","M558T447_NEG"
"1637","M558T552_NEG","M558T574_NEG"
"1638","M558T658_NEG","M558T669_NEG"
"1639","M559T594_NEG","M559T612_NEG"
"1640","M559T327_NEG","M559T312_NEG"
"1641","M559T552_NEG","M559T560_NEG"
"1642","M559T740_NEG","M559T740_NEG"
"1643","M560T620_NEG","M560T557_NEG"
"1644","M561T548_NEG","M561T556_NEG"
"1645","M561T433_NEG","M561T450_NEG"
"1646","M562T524_NEG","M562T423_NEG"
"1647","M562T382_NEG","M562T423_NEG"
"1648","M562T687_NEG","M562T690_NEG"
"1649","M564T449_NEG","M564T460_NEG"
"1650","M565T252_NEG","M565T340_NEG"
"1651","M565T755_NEG","M565T744_NEG"
"1652","M565T445_NEG","M565T455_NEG"
"1653","M566T739_NEG","M566T753_NEG"
"1654","M566T422_NEG","M566T446_NEG"
"1655","M566T755_NEG","M566T761_NEG"
"1656","M567T599_NEG","M567T600_NEG"
"1657","M567T437_NEG","M567T463_NEG"
"1658","M567T255_NEG","M567T363_NEG"
"1659","M567T770_NEG","M567T754_NEG"
"1660","M568T672_NEG","M568T720_NEG"
"1661","M568T484_NEG","M568T493_NEG"
"1662","M568T760_NEG","M568T757_NEG"
"1663","M569T485_NEG","M569T498_NEG"
"1664","M569T596_NEG","M569T613_NEG"
"1665","M571T444_NEG","M571T450_NEG"
"1666","M571T684_NEG","M571T692_NEG"
"1667","M572T332_NEG","M572T323_NEG"
"1668","M572T635_NEG","M572T598_NEG"
"1669","M573T334_NEG","M573T353_NEG"
"1670","M573T586_NEG","M573T615_NEG"
"1671","M574T315_NEG","M574T329_NEG"
"1672","M575T314_NEG","M575T329_NEG"
"1673","M575T714_NEG","M575T698_NEG"
"1674","M575T790_NEG","M575T790_NEG"
"1675","M575T845_NEG","M575T790_NEG"
"1676","M576T576_NEG","M576T597_NEG"
"1677","M576T299_NEG","M576T314_NEG"
"1678","M576T844_NEG","M576T789_NEG"
"1679","M576T790_NEG","M576T789_NEG"
"1680","M577T306_NEG","M577T323_1_NEG"
"1681","M577T308_NEG","M577T323_2_NEG"
"1682","M577T818_NEG","M577T797_NEG"
"1683","M577T414_NEG","M577T323_2_NEG"
"1684","M578T316_NEG","M578T334_NEG"
"1685","M578T818_NEG","M578T794_NEG"
"1686","M579T253_NEG","M579T271_NEG"
"1687","M580T756_NEG","M580T753_NEG"
"1688","M581T325_NEG","M581T315_NEG"
"1689","M582T597_NEG","M582T612_NEG"
"1690","M582T737_NEG","M582T725_NEG"
"1691","M583T460_NEG","M583T481_NEG"
"1692","M583T558_NEG","M583T481_NEG"
"1693","M583T255_NEG","M583T283_NEG"
"1694","M583T749_NEG","M583T756_NEG"
"1695","M583T673_NEG","M583T678_NEG"
"1696","M583T569_NEG","M583T591_NEG"
"1697","M584T427_NEG","M584T452_NEG"
"1698","M584T320_NEG","M584T330_NEG"
"1699","M584T751_NEG","M584T754_NEG"
"1700","M584T673_NEG","M584T679_NEG"
"1701","M585T441_NEG","M585T450_NEG"
"1702","M585T343_NEG","M585T450_NEG"
"1703","M585T277_NEG","M585T367_NEG"
"1704","M585T750_NEG","M585T750_NEG"
"1705","M585T98_NEG","M585T105_NEG"
"1706","M585T673_NEG","M585T750_NEG"
"1707","M586T552_NEG","M586T578_NEG"
"1708","M587T446_NEG","M587T469_NEG"
"1709","M587T693_NEG","M587T699_NEG"
"1710","M589T546_NEG","M589T581_NEG"
"1711","M590T339_NEG","M590T361_NEG"
"1712","M590T443_NEG","M590T468_NEG"
"1713","M591T306_NEG","M591T325_NEG"
"1714","M591T749_NEG","M591T743_NEG"
"1715","M591T482_NEG","M591T444_NEG"
"1716","M591T859_NEG","M591T843_NEG"
"1717","M592T501_NEG","M592T532_NEG"
"1718","M592T310_NEG","M592T328_NEG"
"1719","M592T745_NEG","M592T742_NEG"
"1720","M592T432_NEG","M592T444_NEG"
"1721","M593T540_NEG","M593T564_NEG"
"1722","M593T608_1_NEG","M593T564_NEG"
"1723","M593T791_NEG","M593T791_NEG"
"1724","M593T751_NEG","M593T746_NEG"
"1725","M594T256_NEG","M594T298_NEG"
"1726","M594T760_NEG","M594T746_NEG"
"1727","M595T429_NEG","M595T351_NEG"
"1728","M596T682_NEG","M596T680_NEG"
"1729","M597T415_NEG","M597T428_NEG"
"1730","M597T673_NEG","M597T654_NEG"
"1731","M598T281_NEG","M598T298_NEG"
"1732","M598T687_NEG","M598T804_NEG"
"1733","M599T319_NEG","M599T335_NEG"
"1734","M599T668_NEG","M599T681_NEG"
"1735","M600T281_NEG","M600T301_NEG"
"1736","M600T629_NEG","M600T653_NEG"
"1737","M601T412_NEG","M601T433_2_NEG"
"1738","M601T263_NEG","M601T277_NEG"
"1739","M601T797_NEG","M601T794_NEG"
"1740","M601T628_NEG","M601T650_NEG"
"1741","M602T649_NEG","M602T673_NEG"
"1742","M602T641_NEG","M602T680_NEG"
"1743","M602T700_NEG","M602T680_NEG"
"1744","M603T495_NEG","M603T547_NEG"
"1745","M603T640_NEG","M603T699_NEG"
"1746","M603T740_NEG","M603T699_NEG"
"1747","M604T699_NEG","M604T735_NEG"
"1748","M604T641_NEG","M604T735_NEG"
"1749","M605T559_NEG","M605T579_NEG"
"1750","M605T422_NEG","M605T444_NEG"
"1751","M606T281_NEG","M606T308_NEG"
"1752","M606T696_NEG","M606T711_NEG"
"1753","M607T326_NEG","M607T337_NEG"
"1754","M608T301_NEG","M608T318_NEG"
"1755","M609T684_NEG","M609T691_NEG"
"1756","M609T447_NEG","M609T465_NEG"
"1757","M610T253_NEG","M610T272_NEG"
"1758","M610T420_NEG","M610T449_NEG"
"1759","M612T429_NEG","M612T452_NEG"
"1760","M612T285_NEG","M612T285_NEG"
"1761","M612T783_NEG","M612T761_NEG"
"1762","M613T430_NEG","M613T449_NEG"
"1763","M613T941_NEG","M613T931_NEG"
"1764","M613T777_NEG","M613T746_NEG"
"1765","M614T624_NEG","M614T632_NEG"
"1766","M614T427_NEG","M614T442_NEG"
"1767","M614T315_NEG","M614T299_NEG"
"1768","M614T542_NEG","M614T573_NEG"
"1769","M615T603_NEG","M615T623_NEG"
"1770","M615T777_NEG","M615T747_NEG"
"1771","M615T540_NEG","M615T554_NEG"
"1772","M616T616_NEG","M616T619_NEG"
"1773","M616T777_NEG","M616T773_NEG"
"1774","M617T565_NEG","M617T591_NEG"
"1775","M617T766_NEG","M617T761_NEG"
"1776","M617T629_NEG","M617T591_NEG"
"1777","M617T451_NEG","M617T469_NEG"
"1778","M618T657_NEG","M618T662_NEG"
"1779","M618T597_NEG","M618T662_NEG"
"1780","M619T418_NEG","M619T455_NEG"
"1781","M620T385_NEG","M620T424_NEG"
"1782","M620T503_NEG","M620T537_NEG"
"1783","M621T381_NEG","M621T394_NEG"
"1784","M621T647_NEG","M621T661_NEG"
"1785","M621T773_NEG","M621T771_NEG"
"1786","M622T269_NEG","M622T308_NEG"
"1787","M622T151_NEG","M622T157_NEG"
"1788","M622T718_NEG","M622T770_NEG"
"1789","M623T294_NEG","M623T300_NEG"
"1790","M623T352_NEG","M623T300_NEG"
"1791","M623T731_NEG","M623T682_NEG"
"1792","M624T521_NEG","M624T553_NEG"
"1793","M624T687_NEG","M624T700_NEG"
"1794","M624T778_NEG","M624T778_NEG"
"1795","M624T371_NEG","M624T406_NEG"
"1796","M625T386_NEG","M625T304_NEG"
"1797","M625T314_NEG","M625T335_NEG"
"1798","M625T665_NEG","M625T673_NEG"
"1799","M625T769_NEG","M625T767_NEG"
"1800","M626T768_NEG","M626T751_NEG"
"1801","M627T423_NEG","M627T450_NEG"
"1802","M627T286_NEG","M627T324_NEG"
"1803","M627T780_NEG","M627T786_NEG"
"1804","M627T667_NEG","M627T786_NEG"
"1805","M628T305_NEG","M628T314_NEG"
"1806","M629T737_NEG","M629T751_NEG"
"1807","M629T325_NEG","M629T323_NEG"
"1808","M630T737_NEG","M630T736_NEG"
"1809","M631T737_NEG","M631T735_NEG"
"1810","M631T555_NEG","M631T582_NEG"
"1811","M632T95_NEG","M632T99_NEG"
"1812","M633T95_NEG","M633T98_NEG"
"1813","M633T420_NEG","M633T446_NEG"
"1814","M634T420_NEG","M634T444_NEG"
"1815","M634T95_NEG","M634T98_NEG"
"1816","M635T335_NEG","M635T355_NEG"
"1817","M636T335_NEG","M636T349_NEG"
"1818","M637T560_NEG","M637T583_NEG"
"1819","M637T647_NEG","M637T658_NEG"
"1820","M637T753_NEG","M637T751_NEG"
"1821","M638T665_NEG","M638T671_NEG"
"1822","M640T734_NEG","M640T733_NEG"
"1823","M640T624_NEG","M640T621_NEG"
"1824","M641T501_NEG","M641T526_NEG"
"1825","M641T734_NEG","M641T734_NEG"
"1826","M641T182_NEG","M641T192_NEG"
"1827","M641T625_NEG","M641T638_NEG"
"1828","M642T97_NEG","M642T103_NEG"
"1829","M642T624_NEG","M642T631_NEG"
"1830","M642T745_NEG","M642T735_NEG"
"1831","M643T754_NEG","M643T743_NEG"
"1832","M644T745_NEG","M644T721_NEG"
"1833","M645T423_NEG","M645T440_NEG"
"1834","M646T778_NEG","M646T777_NEG"
"1835","M648T580_NEG","M648T601_NEG"
"1836","M648T688_NEG","M648T601_NEG"
"1837","M649T333_NEG","M649T359_NEG"
"1838","M649T255_NEG","M649T276_NEG"
"1839","M650T435_NEG","M650T454_NEG"
"1840","M650T333_NEG","M650T349_NEG"
"1841","M650T710_NEG","M650T713_NEG"
"1842","M651T463_NEG","M651T472_NEG"
"1843","M651T548_NEG","M651T472_NEG"
"1844","M651T333_NEG","M651T388_NEG"
"1845","M651T704_NEG","M651T704_NEG"
"1846","M651T790_NEG","M651T788_NEG"
"1847","M652T704_NEG","M652T704_NEG"
"1848","M653T427_NEG","M653T446_NEG"
"1849","M653T286_NEG","M653T308_NEG"
"1850","M655T592_NEG","M655T608_NEG"
"1851","M655T748_NEG","M655T745_NEG"
"1852","M656T287_NEG","M656T238_NEG"
"1853","M656T707_NEG","M656T608_NEG"
"1854","M657T382_NEG","M657T422_NEG"
"1855","M657T733_NEG","M657T733_NEG"
"1856","M657T603_NEG","M657T623_NEG"
"1857","M658T733_NEG","M658T732_NEG"
"1858","M658T420_NEG","M658T442_NEG"
"1859","M660T263_NEG","M660T300_NEG"
"1860","M661T673_NEG","M661T675_NEG"
"1861","M662T625_NEG","M662T639_NEG"
"1862","M663T615_NEG","M663T634_NEG"
"1863","M664T383_NEG","M664T427_NEG"
"1864","M664T737_NEG","M664T737_NEG"
"1865","M665T406_NEG","M665T434_NEG"
"1866","M665T737_NEG","M665T737_NEG"
"1867","M666T654_NEG","M666T662_NEG"
"1868","M666T737_NEG","M666T737_NEG"
"1869","M667T654_NEG","M667T656_NEG"
"1870","M668T427_NEG","M668T447_NEG"
"1871","M669T96_NEG","M669T101_NEG"
"1872","M671T332_NEG","M671T349_NEG"
"1873","M671T433_NEG","M671T432_NEG"
"1874","M672T331_NEG","M672T326_NEG"
"1875","M673T405_NEG","M673T441_NEG"
"1876","M673T102_NEG","M673T110_NEG"
"1877","M673T697_NEG","M673T716_NEG"
"1878","M673T558_NEG","M673T441_NEG"
"1879","M674T102_NEG","M674T110_NEG"
"1880","M675T102_NEG","M675T110_NEG"
"1881","M675T778_NEG","M675T777_NEG"
"1882","M676T548_NEG","M676T440_NEG"
"1883","M676T746_NEG","M676T751_NEG"
"1884","M677T548_NEG","M677T467_NEG"
"1885","M677T455_NEG","M677T467_NEG"
"1886","M681T482_NEG","M681T503_NEG"
"1887","M682T791_NEG","M682T762_NEG"
"1888","M683T547_NEG","M683T547_NEG"
"1889","M685T699_NEG","M685T698_NEG"
"1890","M686T543_NEG","M686T427_NEG"
"1891","M687T307_NEG","M687T324_NEG"
"1892","M688T571_NEG","M688T600_NEG"
"1893","M689T428_NEG","M689T450_NEG"
"1894","M690T620_NEG","M690T646_NEG"
"1895","M691T280_NEG","M691T296_NEG"
"1896","M691T618_NEG","M691T639_NEG"
"1897","M692T620_NEG","M692T637_NEG"
"1898","M692T279_NEG","M692T295_NEG"
"1899","M693T621_NEG","M693T642_NEG"
"1900","M695T407_NEG","M695T430_NEG"
"1901","M696T729_NEG","M696T716_NEG"
"1902","M698T710_NEG","M698T714_NEG"
"1903","M699T710_2_NEG","M699T712_2_NEG"
"1904","M700T711_NEG","M700T712_2_NEG"
"1905","M701T428_NEG","M701T450_NEG"
"1906","M701T103_NEG","M701T99_NEG"
"1907","M701T711_NEG","M701T714_NEG"
"1908","M702T428_NEG","M702T449_NEG"
"1909","M703T428_NEG","M703T442_NEG"
"1910","M707T791_NEG","M707T788_NEG"
"1911","M707T495_NEG","M707T524_NEG"
"1912","M708T796_NEG","M708T792_NEG"
"1913","M708T668_NEG","M708T636_NEG"
"1914","M709T796_NEG","M709T794_NEG"
"1915","M710T320_NEG","M710T326_NEG"
"1916","M710T593_NEG","M710T588_NEG"
"1917","M711T455_NEG","M711T453_NEG"
"1918","M712T620_NEG","M712T634_NEG"
"1919","M713T725_NEG","M713T736_NEG"
"1920","M713T611_NEG","M713T629_NEG"
"1921","M714T644_NEG","M714T630_NEG"
"1922","M715T382_NEG","M715T405_NEG"
"1923","M716T303_NEG","M716T318_NEG"
"1924","M716T644_NEG","M716T655_NEG"
"1925","M717T303_1_NEG","M717T318_NEG"
"1926","M723T428_NEG","M723T449_NEG"
"1927","M724T428_NEG","M724T448_NEG"
"1928","M727T576_NEG","M727T597_NEG"
"1929","M729T789_NEG","M729T784_NEG"
"1930","M730T95_NEG","M730T99_NEG"
"1931","M731T96_NEG","M731T100_NEG"
"1932","M731T253_NEG","M731T268_NEG"
"1933","M731T593_NEG","M731T628_NEG"
"1934","M732T593_NEG","M732T612_NEG"
"1935","M733T592_NEG","M733T612_NEG"
"1936","M736T335_NEG","M736T354_NEG"
"1937","M739T711_NEG","M739T613_NEG"
"1938","M744T672_NEG","M744T649_NEG"
"1939","M745T740_NEG","M745T736_NEG"
"1940","M748T554_NEG","M748T611_NEG"
"1941","M753T253_NEG","M753T268_NEG"
"1942","M754T646_NEG","M754T656_NEG"
"1943","M759T757_NEG","M759T739_NEG"
"1944","M763T101_NEG","M763T83_2_NEG"
"1945","M765T317_NEG","M765T334_NEG"
"1946","M770T557_NEG","M770T578_NEG"
"1947","M771T103_NEG","M771T111_NEG"
"1948","M771T723_NEG","M771T737_NEG"
"1949","M780T711_NEG","M780T712_NEG"
"1950","M781T711_NEG","M781T714_NEG"
"1951","M787T316_NEG","M787T334_NEG"
"1952","M788T316_NEG","M788T331_NEG"
"1953","M795T737_NEG","M795T736_NEG"
"1954","M797T722_NEG","M797T635_NEG"
"1955","M798T611_NEG","M798T627_NEG"
"1956","M799T619_NEG","M799T635_NEG"
"1957","M801T238_NEG","M801T259_NEG"
"1958","M807T748_NEG","M807T628_NEG"
"1959","M808T612_NEG","M808T628_NEG"
"1960","M809T612_NEG","M809T628_NEG"
"1961","M823T608_NEG","M823T618_NEG"
"1962","M823T382_NEG","M823T404_NEG"
"1963","M824T382_NEG","M824T404_NEG"
"1964","M833T632_NEG","M833T640_NEG"
"1965","M837T549_NEG","M837T573_NEG"
"1966","M841T737_NEG","M841T736_NEG"
"1967","M841T612_NEG","M841T629_NEG"
"1968","M842T640_NEG","M842T629_NEG"
"1969","M851T666_NEG","M851T675_NEG"
"1970","M853T313_NEG","M853T329_NEG"
"1971","M853T667_NEG","M853T677_NEG"
"1972","M854T313_NEG","M854T329_NEG"
"1973","M854T667_NEG","M854T676_NEG"
"1974","M873T379_NEG","M873T398_NEG"
"1975","M874T379_NEG","M874T398_NEG"
"1976","M875T379_NEG","M875T397_NEG"
"1977","M876T379_NEG","M876T398_NEG"
"1978","M879T594_NEG","M879T612_NEG"
"1979","M880T594_NEG","M880T612_NEG"
"1980","M889T549_NEG","M889T577_NEG"
"1981","M890T549_NEG","M890T577_NEG"
"1982","M895T379_NEG","M895T397_NEG"
"1983","M896T379_NEG","M896T397_NEG"
"1984","M901T594_NEG","M901T612_NEG"
"1985","M902T594_NEG","M902T612_NEG"
"1986","M932T755_NEG","M932T753_NEG"
"1987","M933T755_NEG","M933T753_NEG"
"1988","M934T754_NEG","M934T748_NEG"
"1989","M953T749_NEG","M953T748_NEG"
"1990","M954T754_NEG","M954T748_NEG"
"1991","M955T573_1_NEG","M955T584_1_NEG"
"1992","M971T379_NEG","M971T398_NEG"
"1993","M978T755_NEG","M978T753_NEG"
"1994","M988T791_NEG","M988T789_NEG"
"1995","M989T791_NEG","M989T789_NEG"
"1996","M990T795_NEG","M990T791_NEG"
"1997","M991T795_NEG","M991T791_NEG"
"1998","M992T796_NEG","M992T793_NEG"
"1999","M993T796_NEG","M993T793_NEG"
